Date,Adj Close,Close,High,Low,Open,Volume
2020-09-09,20.277114868164062,25.06999969482422,25.118999481201172,25.06999969482422,25.100000381469727,17300
2020-09-10,20.275501251220703,25.06800079345703,25.06999969482422,25.04599952697754,25.059999465942383,23500
2020-09-11,20.248807907104492,25.03499984741211,25.049999237060547,25.020000457763672,25.040000915527344,33400
2020-09-14,20.23667335510254,25.020000457763672,25.059999465942383,25.010000228881836,25.010000228881836,13100
2020-09-15,20.22858428955078,25.010000228881836,25.030000686645508,25.010000228881836,25.020000457763672,12100
2020-09-16,20.19623565673828,24.969999313354492,24.983999252319336,24.969999313354492,24.969999313354492,14100
2020-09-17,20.20432472229004,24.979999542236328,25.0,24.979999542236328,24.989999771118164,15200
2020-09-18,20.20028305053711,24.975000381469727,24.979999542236328,24.969999313354492,24.972999572753906,5300
2020-09-21,20.20432472229004,24.979999542236328,24.989999771118164,24.979999542236328,24.989999771118164,8600
2020-09-22,20.20028305053711,24.975000381469727,24.989999771118164,24.975000381469727,24.979999542236328,8100
2020-09-23,20.2124080657959,24.989999771118164,24.996999740600586,24.985000610351562,24.985000610351562,4400
2020-09-24,20.20432472229004,24.979999542236328,24.990999221801758,24.979999542236328,24.989999771118164,7000
2020-09-25,20.20432472229004,24.979999542236328,25.0,24.969999313354492,24.985000610351562,115400
2020-09-28,20.184101104736328,24.954999923706055,24.969999313354492,24.954999923706055,24.959999084472656,6200
2020-09-29,20.17601203918457,24.94499969482422,24.950000762939453,24.93000030517578,24.940000534057617,8000
2020-09-30,20.18815040588379,24.959999084472656,24.969999313354492,24.959999084472656,24.959999084472656,5400
2020-10-01,20.166296005249023,24.920000076293945,24.93000030517578,24.917999267578125,24.93000030517578,24900
2020-10-02,20.162250518798828,24.915000915527344,24.924999237060547,24.913000106811523,24.913000106811523,3000
2020-10-05,20.162250518798828,24.915000915527344,24.940000534057617,24.90999984741211,24.90999984741211,28900
2020-10-06,20.1582088470459,24.90999984741211,24.90999984741211,24.889999389648438,24.889999389648438,3900
2020-10-07,20.150110244750977,24.899999618530273,24.90999984741211,24.899999618530273,24.902000427246094,3800
2020-10-08,20.150110244750977,24.899999618530273,24.905000686645508,24.899999618530273,24.899999618530273,1700
2020-10-09,20.146068572998047,24.895000457763672,24.90999984741211,24.8799991607666,24.8799991607666,16000
2020-10-12,20.146068572998047,24.895000457763672,24.895000457763672,24.895000457763672,24.895000457763672,600
2020-10-13,20.1582088470459,24.90999984741211,24.920000076293945,24.90999984741211,24.920000076293945,400
2020-10-14,20.1582088470459,24.90999984741211,24.920000076293945,24.90999984741211,24.920000076293945,300
2020-10-15,20.1582088470459,24.90999984741211,24.920000076293945,24.899999618530273,24.90999984741211,2200
2020-10-16,20.1582088470459,24.90999984741211,24.90999984741211,24.899999618530273,24.9060001373291,600
2020-10-19,20.154163360595703,24.905000686645508,24.90999984741211,24.899999618530273,24.899999618530273,6300
2020-10-20,20.1582088470459,24.90999984741211,24.920000076293945,24.899999618530273,24.90999984741211,16800
2020-10-21,20.19057273864746,24.950000762939453,24.954999923706055,24.950000762939453,24.950000762939453,2700
2020-10-22,20.17844009399414,24.934999465942383,24.940000534057617,24.934999465942383,24.940000534057617,1900
2020-10-23,20.194616317749023,24.954999923706055,24.954999923706055,24.954999923706055,24.954999923706055,500
2020-10-26,20.19057273864746,24.950000762939453,24.959999084472656,24.940000534057617,24.959999084472656,700
2020-10-27,20.194616317749023,24.954999923706055,24.959999084472656,24.954999923706055,24.959999084472656,100
2020-10-28,20.194616317749023,24.954999923706055,24.961999893188477,24.950000762939453,24.950000762939453,1300
2020-10-29,20.186525344848633,24.94499969482422,24.959999084472656,24.940000534057617,24.940000534057617,1800
2020-10-30,20.19057273864746,24.950000762939453,24.95199966430664,24.940000534057617,24.95199966430664,1600
2020-11-02,20.160606384277344,24.889999389648438,24.899999618530273,24.889999389648438,24.899999618530273,9200
2020-11-03,20.160606384277344,24.889999389648438,24.889999389648438,24.889999389648438,24.889999389648438,100
2020-11-04,20.160606384277344,24.889999389648438,24.899999618530273,24.8799991607666,24.8799991607666,200
2020-11-05,20.1444034576416,24.8700008392334,24.8700008392334,24.8700008392334,24.8700008392334,1100
2020-11-06,20.156553268432617,24.885000228881836,24.885000228881836,24.885000228881836,24.885000228881836,100
2020-11-09,20.193008422851562,24.93000030517578,24.940000534057617,24.93000030517578,24.93000030517578,3900
2020-11-10,20.18490982055664,24.920000076293945,24.940000534057617,24.920000076293945,24.940000534057617,1800
2020-11-11,20.193008422851562,24.93000030517578,24.93000030517578,24.93000030517578,24.93000030517578,100
2020-11-12,20.205150604248047,24.94499969482422,24.94499969482422,24.94499969482422,24.94499969482422,300
2020-11-13,20.25779914855957,25.010000228881836,25.010000228881836,25.0,25.0,1500
2020-11-16,20.25779914855957,25.010000228881836,25.020000457763672,25.010000228881836,25.010000228881836,5200
2020-11-17,20.253753662109375,25.0049991607666,25.010000228881836,25.0,25.010000228881836,2600
2020-11-18,20.274002075195312,25.030000686645508,25.049999237060547,25.01099967956543,25.02899932861328,27900
2020-11-19,20.274002075195312,25.030000686645508,25.030000686645508,25.030000686645508,25.030000686645508,1500
2020-11-20,20.282106399536133,25.040000915527344,25.040000915527344,25.030000686645508,25.030000686645508,4800
2020-11-23,20.282106399536133,25.040000915527344,25.040000915527344,25.040000915527344,25.040000915527344,0
2020-11-24,20.282106399536133,25.040000915527344,25.048999786376953,25.040000915527344,25.048999786376953,800
2020-11-25,20.29020118713379,25.049999237060547,25.049999237060547,25.049999237060547,25.049999237060547,200
2020-11-27,20.29020118713379,25.049999237060547,25.049999237060547,25.049999237060547,25.049999237060547,300
2020-11-30,20.29020118713379,25.049999237060547,25.049999237060547,25.040000915527344,25.049999237060547,2700
2020-12-01,20.295881271362305,25.03499984741211,25.038999557495117,25.03499984741211,25.038999557495117,300
2020-12-02,20.291826248168945,25.030000686645508,25.031999588012695,25.020000457763672,25.020000457763672,2400
2020-12-03,20.299928665161133,25.040000915527344,25.040000915527344,25.040000915527344,25.040000915527344,500
2020-12-04,20.30803680419922,25.049999237060547,25.049999237060547,25.048999786376953,25.049999237060547,800
2020-12-07,20.31209373474121,25.05500030517578,25.059999465942383,25.05500030517578,25.058000564575195,600
2020-12-08,20.30803680419922,25.049999237060547,25.058000564575195,25.049999237060547,25.049999237060547,3000
2020-12-09,20.316146850585938,25.059999465942383,25.059999465942383,25.059999465942383,25.059999465942383,100
2020-12-10,20.316146850585938,25.059999465942383,25.059999465942383,25.059999465942383,25.059999465942383,200
2020-12-11,20.316146850585938,25.059999465942383,25.06800079345703,25.059999465942383,25.06800079345703,800
2020-12-14,20.316146850585938,25.059999465942383,25.059999465942383,25.059999465942383,25.059999465942383,1100
2020-12-15,20.316146850585938,25.059999465942383,25.059999465942383,25.059999465942383,25.059999465942383,1900
2020-12-16,20.32425880432129,25.06999969482422,25.06999969482422,25.06999969482422,25.06999969482422,100
2020-12-17,20.32425880432129,25.06999969482422,25.09000015258789,25.06999969482422,25.06999969482422,1500
2020-12-18,20.33235740661621,25.079999923706055,25.079999923706055,25.06999969482422,25.06999969482422,3000
2020-12-21,20.32425880432129,25.06999969482422,25.079999923706055,25.06999969482422,25.079999923706055,2700
2020-12-22,20.33235740661621,25.079999923706055,25.079999923706055,25.079999923706055,25.079999923706055,1300
2020-12-23,20.340469360351562,25.09000015258789,25.09000015258789,25.079999923706055,25.079999923706055,1800
2020-12-24,20.340469360351562,25.09000015258789,25.09000015258789,25.09000015258789,25.09000015258789,1200
2020-12-28,20.340469360351562,25.09000015258789,25.09000015258789,25.079999923706055,25.079999923706055,700
2020-12-29,20.338838577270508,25.065000534057617,25.06800079345703,25.065000534057617,25.06800079345703,900
2020-12-30,20.342905044555664,25.06999969482422,25.073999404907227,25.059999465942383,25.059999465942383,2400
2020-12-31,20.342905044555664,25.06999969482422,25.06999969482422,25.06999969482422,25.06999969482422,100
2021-01-04,20.338838577270508,25.065000534057617,25.06999969482422,25.065000534057617,25.065000534057617,3700
2021-01-05,20.351016998291016,25.079999923706055,25.082000732421875,25.06999969482422,25.079999923706055,2300
2021-01-06,20.346960067749023,25.075000762939453,25.09000015258789,25.075000762939453,25.079999923706055,600
2021-01-07,20.346960067749023,25.075000762939453,25.075000762939453,25.075000762939453,25.075000762939453,400
2021-01-08,20.342905044555664,25.06999969482422,25.079999923706055,25.06999969482422,25.079999923706055,5300
2021-01-11,20.355066299438477,25.084999084472656,25.100000381469727,25.06999969482422,25.06999969482422,2000
2021-01-12,20.367238998413086,25.100000381469727,25.110000610351562,25.100000381469727,25.110000610351562,800
2021-01-13,20.359132766723633,25.09000015258789,25.09000015258789,25.09000015258789,25.09000015258789,100
2021-01-14,20.371305465698242,25.104999542236328,25.104999542236328,25.104999542236328,25.104999542236328,200
2021-01-15,20.387531280517578,25.125,25.139999389648438,25.125,25.139999389648438,2400
2021-01-19,20.407814025878906,25.149999618530273,25.15999984741211,25.14900016784668,25.15999984741211,2800
2021-01-20,20.407814025878906,25.149999618530273,25.149999618530273,25.149999618530273,25.149999618530273,100
2021-01-21,20.407814025878906,25.149999618530273,25.15399932861328,25.139999389648438,25.15399932861328,3600
2021-01-22,20.415937423706055,25.15999984741211,25.170000076293945,25.15999984741211,25.15999984741211,1600
2021-01-25,20.411874771118164,25.155000686645508,25.155000686645508,25.155000686645508,25.155000686645508,100
2021-01-26,20.419992446899414,25.165000915527344,25.165000915527344,25.158000946044922,25.158000946044922,500
2021-01-27,20.407814025878906,25.149999618530273,25.149999618530273,25.139999389648438,25.139999389648438,500
2021-01-28,20.407814025878906,25.149999618530273,25.149999618530273,25.149999618530273,25.149999618530273,200
2021-01-29,20.403757095336914,25.145000457763672,25.15999984741211,25.145000457763672,25.15999984741211,3100
2021-02-01,20.40944480895996,25.1299991607666,25.139999389648438,25.1299991607666,25.139999389648438,1300
2021-02-02,20.40944480895996,25.1299991607666,25.1299991607666,25.1299991607666,25.1299991607666,1700
2021-02-03,20.401315689086914,25.1200008392334,25.399999618530273,25.1200008392334,25.200000762939453,1200
2021-02-04,20.40944480895996,25.1299991607666,25.149999618530273,24.84000015258789,24.84000015258789,10200
2021-02-05,20.417566299438477,25.139999389648438,25.139999389648438,25.138999938964844,25.138999938964844,1800
2021-02-08,20.417566299438477,25.139999389648438,25.149999618530273,25.139999389648438,25.145999908447266,2600
2021-02-09,20.40944480895996,25.1299991607666,25.1299991607666,25.1299991607666,25.1299991607666,1000
2021-02-10,20.413511276245117,25.135000228881836,25.135000228881836,25.12299919128418,25.12299919128418,700
2021-02-11,20.40944480895996,25.1299991607666,25.139999389648438,25.1299991607666,25.139999389648438,1300
2021-02-12,20.401315689086914,25.1200008392334,25.1299991607666,25.1200008392334,25.1299991607666,500
2021-02-16,20.401315689086914,25.1200008392334,25.1299991607666,25.1200008392334,25.1299991607666,300
2021-02-17,20.40944480895996,25.1299991607666,25.139999389648438,25.1299991607666,25.139999389648438,400
2021-02-18,20.40944480895996,25.1299991607666,25.139999389648438,25.1299991607666,25.139999389648438,200
2021-02-19,20.40944480895996,25.1299991607666,25.1299991607666,25.1299991607666,25.1299991607666,100
2021-02-22,20.37696075439453,25.09000015258789,25.09000015258789,25.09000015258789,25.09000015258789,600
2021-02-23,20.360721588134766,25.06999969482422,25.079999923706055,25.059999465942383,25.059999465942383,500
2021-02-24,20.360721588134766,25.06999969482422,25.079999923706055,25.069000244140625,25.079999923706055,1600
2021-02-25,20.364778518676758,25.075000762939453,25.079999923706055,25.06999969482422,25.06999969482422,400
2021-02-26,20.360721588134766,25.06999969482422,25.072999954223633,25.059999465942383,25.06999969482422,1000
2021-03-01,20.3607177734375,25.049999237060547,25.05299949645996,25.041000366210938,25.049999237060547,800
2021-03-02,20.36478614807129,25.05500030517578,25.05500030517578,25.05500030517578,25.05500030517578,200
2021-03-03,20.376976013183594,25.06999969482422,25.073999404907227,25.06999969482422,25.073999404907227,300
2021-03-04,20.389158248901367,25.084999084472656,25.09000015258789,25.079999923706055,25.09000015258789,600
2021-03-05,20.39322853088379,25.09000015258789,25.100000381469727,25.079999923706055,25.100000381469727,3700
2021-03-08,20.37290382385254,25.065000534057617,25.100000381469727,25.065000534057617,25.100000381469727,13000
2021-03-09,20.376976013183594,25.06999969482422,25.06999969482422,25.049999237060547,25.059999465942383,12500
2021-03-10,20.381032943725586,25.075000762939453,25.09000015258789,25.075000762939453,25.09000015258789,1900
2021-03-11,20.385101318359375,25.079999923706055,25.09000015258789,25.079999923706055,25.09000015258789,600
2021-03-12,20.385101318359375,25.079999923706055,25.079999923706055,25.076000213623047,25.076000213623047,700
2021-03-15,20.39322853088379,25.09000015258789,25.09000015258789,25.09000015258789,25.09000015258789,100
2021-03-16,20.385101318359375,25.079999923706055,25.079999923706055,25.079999923706055,25.079999923706055,0
2021-03-17,20.39322853088379,25.09000015258789,25.09000015258789,25.09000015258789,25.09000015258789,0
2021-03-18,20.39322853088379,25.09000015258789,25.09000015258789,25.079999923706055,25.079999923706055,200
2021-03-19,20.39322853088379,25.09000015258789,25.09000015258789,25.09000015258789,25.09000015258789,600
2021-03-22,20.385101318359375,25.079999923706055,25.079999923706055,25.079999923706055,25.079999923706055,200
2021-03-23,20.36884307861328,25.059999465942383,25.09000015258789,25.059999465942383,25.06999969482422,15000
2021-03-24,20.36884307861328,25.059999465942383,25.06999969482422,25.059999465942383,25.06999969482422,500
2021-03-25,20.36884307861328,25.059999465942383,25.059999465942383,25.059999465942383,25.059999465942383,100
2021-03-26,20.36884307861328,25.059999465942383,25.059999465942383,25.059999465942383,25.059999465942383,100
2021-03-29,20.3607177734375,25.049999237060547,25.049999237060547,25.049999237060547,25.049999237060547,500
2021-03-30,20.36884307861328,25.059999465942383,25.06999969482422,25.049999237060547,25.049999237060547,15500
2021-03-31,20.372098922729492,25.040000915527344,25.040000915527344,25.040000915527344,25.040000915527344,100
2021-04-01,20.372098922729492,25.040000915527344,25.040000915527344,25.040000915527344,25.040000915527344,100
2021-04-05,20.372098922729492,25.040000915527344,25.040000915527344,25.040000915527344,25.040000915527344,100
2021-04-06,20.384302139282227,25.05500030517578,25.05500030517578,25.049999237060547,25.049999237060547,5200
2021-04-07,20.380231857299805,25.049999237060547,25.059999465942383,25.049999237060547,25.059999465942383,800
2021-04-08,20.380231857299805,25.049999237060547,25.059999465942383,25.049999237060547,25.059999465942383,200
2021-04-09,20.380231857299805,25.049999237060547,25.059999465942383,25.049999237060547,25.059999465942383,100
2021-04-12,20.380231857299805,25.049999237060547,25.049999237060547,25.049999237060547,25.049999237060547,100
2021-04-13,20.372098922729492,25.040000915527344,25.049999237060547,25.030000686645508,25.049999237060547,4000
2021-04-14,20.372098922729492,25.040000915527344,25.049999237060547,25.040000915527344,25.049999237060547,200
2021-04-15,20.380231857299805,25.049999237060547,25.049999237060547,25.040000915527344,25.040000915527344,900
2021-04-16,20.380231857299805,25.049999237060547,25.059999465942383,25.049999237060547,25.052000045776367,2300
2021-04-19,20.380231857299805,25.049999237060547,25.049999237060547,25.049999237060547,25.049999237060547,100
2021-04-20,20.380231857299805,25.049999237060547,25.059999465942383,25.040000915527344,25.054000854492188,1300
2021-04-21,20.372098922729492,25.040000915527344,25.04199981689453,25.040000915527344,25.04199981689453,100
2021-04-22,20.372098922729492,25.040000915527344,25.049999237060547,25.040000915527344,25.049999237060547,200
2021-04-23,20.376163482666016,25.045000076293945,25.049999237060547,25.042999267578125,25.049999237060547,200
2021-04-26,20.36803436279297,25.03499984741211,25.040000915527344,25.03499984741211,25.040000915527344,200
2021-04-27,20.36803436279297,25.03499984741211,25.040000915527344,25.03499984741211,25.03499984741211,1400
2021-04-28,20.372098922729492,25.040000915527344,25.125,25.020000457763672,25.030000686645508,8200
2021-04-29,20.372098922729492,25.040000915527344,25.049999237060547,25.040000915527344,25.049999237060547,600
2021-04-30,20.372098922729492,25.040000915527344,25.040000915527344,25.040000915527344,25.040000915527344,100
2021-05-03,20.36557388305664,25.0049991607666,25.0049991607666,25.0049991607666,25.0049991607666,300
2021-05-04,20.377796173095703,25.020000457763672,25.030000686645508,25.020000457763672,25.030000686645508,2000
2021-05-05,20.349287033081055,24.985000610351562,25.010000228881836,24.969999313354492,25.007999420166016,37500
2021-05-06,20.36151123046875,25.0,25.0,25.0,25.0,800
2021-05-07,20.35336685180664,24.989999771118164,24.989999771118164,24.989999771118164,24.989999771118164,800
2021-05-10,20.369657516479492,25.010000228881836,25.01099967956543,25.010000228881836,25.01099967956543,100
2021-05-11,20.369657516479492,25.010000228881836,25.020000457763672,25.010000228881836,25.020000457763672,200
2021-05-12,20.36151123046875,25.0,25.020000457763672,24.999000549316406,25.020000457763672,1800
2021-05-13,20.36557388305664,25.0049991607666,25.200000762939453,25.0049991607666,25.020000457763672,300
2021-05-14,20.36557388305664,25.0049991607666,25.020000457763672,25.0049991607666,25.020000457763672,300
2021-05-17,20.36557388305664,25.0049991607666,25.0049991607666,25.0049991607666,25.0049991607666,100
2021-05-18,20.36557388305664,25.0049991607666,25.020000457763672,25.0049991607666,25.020000457763672,500
2021-05-19,20.36557388305664,25.0049991607666,25.020000457763672,24.989999771118164,25.0049991607666,7600
2021-05-20,20.373729705810547,25.014999389648438,25.014999389648438,25.0,25.0,1200
2021-05-21,20.373729705810547,25.014999389648438,25.014999389648438,25.014999389648438,25.014999389648438,100
2021-05-24,20.372093200683594,25.01300048828125,25.01799964904785,24.90999984741211,25.000999450683594,3400
2021-05-25,20.377796173095703,25.020000457763672,25.020000457763672,25.0,25.000999450683594,9300
2021-05-26,20.373729705810547,25.014999389648438,25.014999389648438,25.014999389648438,25.014999389648438,100
2021-05-27,20.373729705810547,25.014999389648438,25.030000686645508,25.0,25.030000686645508,1400
2021-05-28,20.36557388305664,25.0049991607666,25.020000457763672,25.0049991607666,25.014999389648438,3400
2021-06-01,20.36884117126465,24.985000610351562,25.0,24.969999313354492,25.0,10400
2021-06-02,20.378618240356445,24.996999740600586,24.996999740600586,24.996999740600586,24.996999740600586,2000
2021-06-03,20.376996994018555,24.9950008392334,25.010000228881836,24.9950008392334,25.010000228881836,100
2021-06-04,20.376996994018555,24.9950008392334,25.010000228881836,24.9950008392334,25.010000228881836,200
2021-06-07,20.376996994018555,24.9950008392334,24.9950008392334,24.9950008392334,24.9950008392334,100
2021-06-08,20.376996994018555,24.9950008392334,25.010000228881836,24.9950008392334,25.010000228881836,100
2021-06-09,20.38922691345215,25.010000228881836,25.010000228881836,25.010000228881836,25.010000228881836,100
2021-06-10,20.385143280029297,25.0049991607666,25.020000457763672,25.0049991607666,25.020000457763672,600
2021-06-11,20.38922691345215,25.010000228881836,25.010000228881836,25.010000228881836,25.010000228881836,100
2021-06-14,20.38922691345215,25.010000228881836,25.010000228881836,25.006000518798828,25.006000518798828,200
2021-06-15,20.38922691345215,25.010000228881836,25.010000228881836,25.010000228881836,25.010000228881836,100
2021-06-16,20.3933048248291,25.014999389648438,25.020000457763672,25.014999389648438,25.020000457763672,100
2021-06-17,20.3933048248291,25.014999389648438,25.020000457763672,25.014999389648438,25.020000457763672,200
2021-06-18,20.413679122924805,25.040000915527344,25.040000915527344,25.030000686645508,25.030000686645508,600
2021-06-21,20.397375106811523,25.020000457763672,25.030000686645508,25.020000457763672,25.030000686645508,1000
2021-06-22,20.401443481445312,25.024999618530273,25.030000686645508,25.010000228881836,25.010000228881836,2200
2021-06-23,20.385143280029297,25.0049991607666,25.040000915527344,25.0,25.0,1800
2021-06-24,20.397375106811523,25.020000457763672,25.020000457763672,25.020000457763672,25.020000457763672,1200
2021-06-25,20.3933048248291,25.014999389648438,25.040000915527344,25.014999389648438,25.027000427246094,1200
2021-06-28,20.397375106811523,25.020000457763672,25.040000915527344,25.010000228881836,25.040000915527344,1400
2021-06-29,20.397375106811523,25.020000457763672,25.040000915527344,25.020000457763672,25.040000915527344,2800
2021-06-30,20.401443481445312,25.024999618530273,25.040000915527344,25.010000228881836,25.040000915527344,3100
2021-07-01,20.395740509033203,24.9950008392334,24.9950008392334,24.9950008392334,24.9950008392334,100
2021-07-02,20.399826049804688,25.0,25.0,24.979999542236328,24.979999542236328,500
2021-07-06,20.403900146484375,25.0049991607666,25.0049991607666,25.0049991607666,25.0049991607666,400
2021-07-07,20.403900146484375,25.0049991607666,25.0049991607666,25.0,25.0,100
2021-07-08,20.403900146484375,25.0049991607666,25.0049991607666,25.0049991607666,25.0049991607666,100
2021-07-09,20.403900146484375,25.0049991607666,25.0049991607666,24.989999771118164,24.989999771118164,600
2021-07-12,20.403900146484375,25.0049991607666,25.0049991607666,25.0049991607666,25.0049991607666,100
2021-07-13,20.399826049804688,25.0,25.010000228881836,25.0,25.010000228881836,2200
2021-07-14,20.407978057861328,25.010000228881836,25.010000228881836,25.010000228881836,25.010000228881836,400
2021-07-15,20.407978057861328,25.010000228881836,25.010000228881836,25.010000228881836,25.010000228881836,600
2021-07-16,20.407978057861328,25.010000228881836,25.013999938964844,25.010000228881836,25.013999938964844,1000
2021-07-19,20.412063598632812,25.014999389648438,25.020000457763672,25.0,25.0,3100
2021-07-20,20.412063598632812,25.014999389648438,25.020999908447266,25.014999389648438,25.020999908447266,1300
2021-07-21,20.412063598632812,25.014999389648438,25.018999099731445,25.0,25.018999099731445,1400
2021-07-22,20.416135787963867,25.020000457763672,25.020000457763672,25.020000457763672,25.020000457763672,600
2021-07-23,20.416135787963867,25.020000457763672,25.020000457763672,25.020000457763672,25.020000457763672,600
2021-07-26,20.416135787963867,25.020000457763672,25.020000457763672,25.020000457763672,25.020000457763672,500
2021-07-27,20.416135787963867,25.020000457763672,25.030000686645508,24.989999771118164,25.030000686645508,1600
2021-07-28,20.416135787963867,25.020000457763672,25.020000457763672,25.01799964904785,25.01799964904785,900
2021-07-29,20.42021369934082,25.024999618530273,25.024999618530273,25.020000457763672,25.020000457763672,600
2021-07-30,20.42021369934082,25.024999618530273,25.024999618530273,25.024999618530273,25.024999618530273,200
2021-08-02,20.418581008911133,25.0,25.0,25.0,25.0,100
2021-08-03,20.422670364379883,25.0049991607666,25.0049991607666,25.0049991607666,25.0049991607666,100
2021-08-04,20.422670364379883,25.0049991607666,25.0049991607666,24.989999771118164,25.0049991607666,300
2021-08-05,20.4267520904541,25.010000228881836,25.010000228881836,25.010000228881836,25.010000228881836,100
2021-08-06,20.4267520904541,25.010000228881836,25.010000228881836,25.0,25.0,500
2021-08-09,20.4267520904541,25.010000228881836,25.010000228881836,25.0,25.0,1300
2021-08-10,20.4267520904541,25.010000228881836,25.010000228881836,25.010000228881836,25.010000228881836,400
2021-08-11,20.430843353271484,25.014999389648438,25.014999389648438,25.014999389648438,25.014999389648438,100
2021-08-12,20.4267520904541,25.010000228881836,25.01099967956543,25.010000228881836,25.010000228881836,300
2021-08-13,20.4267520904541,25.010000228881836,25.010000228881836,25.010000228881836,25.010000228881836,100
2021-08-16,20.430843353271484,25.014999389648438,25.014999389648438,25.0,25.010000228881836,1200
2021-08-17,20.430843353271484,25.014999389648438,25.014999389648438,25.0,25.0,600
2021-08-18,20.431657791137695,25.016000747680664,25.020000457763672,25.016000747680664,25.020000457763672,300
2021-08-19,20.430843353271484,25.014999389648438,25.014999389648438,25.014999389648438,25.014999389648438,600
2021-08-20,20.430843353271484,25.014999389648438,25.014999389648438,25.010000228881836,25.010000228881836,700
2021-08-23,20.430843353271484,25.014999389648438,25.014999389648438,25.0,25.0,200
2021-08-24,20.430843353271484,25.014999389648438,25.030000686645508,25.014999389648438,25.030000686645508,300
2021-08-25,20.430843353271484,25.014999389648438,25.014999389648438,25.0,25.0,500
2021-08-26,20.430843353271484,25.014999389648438,25.030000686645508,25.014999389648438,25.030000686645508,100
2021-08-27,20.430843353271484,25.014999389648438,25.014999389648438,25.010000228881836,25.010000228881836,100
2021-08-30,20.434917449951172,25.020000457763672,25.020000457763672,25.020000457763672,25.020000457763672,100
2021-08-31,20.43900489807129,25.0049991607666,25.0049991607666,25.0,25.0,800
2021-09-01,20.434919357299805,25.0,25.0,24.990999221801758,24.990999221801758,200
2021-09-02,20.434919357299805,25.0,25.010000228881836,25.0,25.010000228881836,200
2021-09-03,20.43900489807129,25.0049991607666,25.0049991607666,24.989999771118164,24.989999771118164,200
2021-09-07,20.43900489807129,25.0049991607666,25.0049991607666,25.0049991607666,25.0049991607666,100
2021-09-08,20.43900489807129,25.0049991607666,25.020000457763672,25.0049991607666,25.020000457763672,300
2021-09-09,20.43900489807129,25.0049991607666,25.009000778198242,25.0049991607666,25.009000778198242,100
2021-09-10,20.43900489807129,25.0049991607666,25.0049991607666,25.0,25.0,200
2021-09-13,20.43900489807129,25.0049991607666,25.0049991607666,25.0,25.0,1700
2021-09-14,20.44309425354004,25.010000228881836,25.010000228881836,25.000999450683594,25.000999450683594,200
2021-09-15,20.43900489807129,25.0049991607666,25.0049991607666,25.0049991607666,25.0049991607666,100
2021-09-16,20.43900489807129,25.0049991607666,25.0049991607666,25.0049991607666,25.0049991607666,100
2021-09-17,20.43900489807129,25.0049991607666,25.010000228881836,25.0049991607666,25.010000228881836,100
2021-09-20,20.43900489807129,25.0049991607666,25.010000228881836,25.0049991607666,25.006000518798828,600
2021-09-21,20.43900489807129,25.0049991607666,25.010000228881836,25.0049991607666,25.010000228881836,100
2021-09-22,20.447187423706055,25.014999389648438,25.014999389648438,25.010000228881836,25.010000228881836,300
2021-09-23,20.447187423706055,25.014999389648438,25.014999389648438,25.014999389648438,25.014999389648438,400
2021-09-24,20.447187423706055,25.014999389648438,25.014999389648438,25.014999389648438,25.014999389648438,100
2021-09-27,20.44309425354004,25.010000228881836,25.020000457763672,25.010000228881836,25.020000457763672,800
2021-09-28,20.45126724243164,25.020000457763672,25.030000686645508,25.01099967956543,25.01099967956543,1200
2021-09-29,20.455358505249023,25.024999618530273,25.024999618530273,25.024999618530273,25.024999618530273,1900
2021-09-30,20.44309425354004,25.010000228881836,25.020000457763672,25.010000228881836,25.020000457763672,400
2021-10-01,20.452089309692383,25.0,25.0,25.0,25.0,1000
2021-10-04,20.448001861572266,24.9950008392334,25.010000228881836,24.989999771118164,25.010000228881836,2900
2021-10-05,20.443918228149414,24.989999771118164,25.0,24.989999771118164,25.0,2300
2021-10-06,20.443918228149414,24.989999771118164,24.989999771118164,24.989999771118164,24.989999771118164,500
2021-10-07,20.448001861572266,24.9950008392334,25.0,24.9950008392334,25.0,1400
2021-10-08,20.452089309692383,25.0,25.0,25.0,25.0,3900
2021-10-11,20.448001861572266,24.9950008392334,25.0,24.9950008392334,25.0,700
2021-10-12,20.452089309692383,25.0,25.003000259399414,25.0,25.003000259399414,4800
2021-10-13,20.452089309692383,25.0,25.010000228881836,25.0,25.010000228881836,100
2021-10-14,20.452089309692383,25.0,25.0,25.0,25.0,100
2021-10-15,20.452089309692383,25.0,25.010000228881836,25.0,25.010000228881836,600
2021-10-18,20.452089309692383,25.0,25.010000228881836,25.0,25.007999420166016,700
2021-10-19,20.452089309692383,25.0,25.0,25.0,25.0,700
2021-10-20,20.452089309692383,25.0,25.010000228881836,25.0,25.010000228881836,100
2021-10-21,20.452089309692383,25.0,25.0,25.0,25.0,100
2021-10-22,20.452089309692383,25.0,25.010000228881836,25.0,25.010000228881836,1000
2021-10-25,20.452089309692383,25.0,25.0,24.989999771118164,24.989999771118164,100
2021-10-26,20.460277557373047,25.010000228881836,25.010000228881836,25.010000228881836,25.010000228881836,100
2021-10-27,20.460277557373047,25.010000228881836,25.020000457763672,25.010000228881836,25.020000457763672,600
2021-10-28,20.452089309692383,25.0,25.0,25.0,25.0,1100
2021-10-29,20.452089309692383,25.0,25.0,24.989999771118164,24.989999771118164,400
2021-11-01,20.461105346679688,24.989999771118164,24.989999771118164,24.989999771118164,24.989999771118164,100
2021-11-02,20.457002639770508,24.985000610351562,24.985000610351562,24.985000610351562,24.985000610351562,100
2021-11-03,20.461105346679688,24.989999771118164,24.989999771118164,24.979999542236328,24.979999542236328,700
2021-11-04,20.461105346679688,24.989999771118164,24.989999771118164,24.989999771118164,24.989999771118164,100
2021-11-05,20.497947692871094,25.03499984741211,25.03499984741211,24.989999771118164,24.989999771118164,1300
2021-11-08,20.506132125854492,25.045000076293945,25.049999237060547,25.045000076293945,25.049999237060547,200
2021-11-09,20.485660552978516,25.020000457763672,25.049999237060547,25.020000457763672,25.049999237060547,4300
2021-11-10,20.50040054321289,25.038000106811523,25.049999237060547,25.038000106811523,25.049999237060547,2900
2021-11-11,20.510234832763672,25.049999237060547,25.049999237060547,25.049999237060547,25.049999237060547,100
2021-11-12,20.485660552978516,25.020000457763672,25.059999465942383,25.020000457763672,25.040000915527344,2500
2021-11-15,20.502038955688477,25.040000915527344,25.040000915527344,25.020000457763672,25.020000457763672,500
2021-11-16,20.502038955688477,25.040000915527344,25.059999465942383,25.040000915527344,25.059999465942383,1100
2021-11-17,20.510234832763672,25.049999237060547,25.059999465942383,25.049999237060547,25.059999465942383,500
2021-11-18,20.5012264251709,25.038999557495117,25.038999557495117,25.020000457763672,25.020000457763672,200
2021-11-19,20.48975944519043,25.024999618530273,25.040000915527344,25.024999618530273,25.040000915527344,300
2021-11-22,20.510234832763672,25.049999237060547,25.059999465942383,25.049999237060547,25.049999237060547,500
2021-11-23,20.493858337402344,25.030000686645508,25.040000915527344,25.020000457763672,25.040000915527344,27800
2021-11-24,20.48975944519043,25.024999618530273,25.040000915527344,25.024999618530273,25.030000686645508,500
2021-11-26,20.48975944519043,25.024999618530273,25.038999557495117,25.024999618530273,25.038999557495117,500
2021-11-29,20.497947692871094,25.03499984741211,25.03499984741211,25.020000457763672,25.020000457763672,900
2021-11-30,20.502038955688477,25.040000915527344,25.040000915527344,25.040000915527344,25.040000915527344,100
2021-12-01,20.487281799316406,25.0,25.020000457763672,25.0,25.0,3300
2021-12-02,20.487281799316406,25.0,25.020000457763672,25.0,25.0,1000
2021-12-03,20.487281799316406,25.0,25.0,25.0,25.0,400
2021-12-06,20.4954891204834,25.010000228881836,25.010000228881836,25.010000228881836,25.010000228881836,200
2021-12-07,20.499588012695312,25.014999389648438,25.024999618530273,25.0,25.0,400
2021-12-08,20.487281799316406,25.0,25.020000457763672,25.0,25.010000228881836,3000
2021-12-09,20.49138832092285,25.0049991607666,25.030000686645508,24.989999771118164,25.0,76000
2021-12-10,20.47498893737793,24.985000610351562,25.0,24.979999542236328,25.0,76600
2021-12-13,20.479093551635742,24.989999771118164,24.989999771118164,24.989999771118164,24.989999771118164,100
2021-12-14,20.51187515258789,25.030000686645508,25.040000915527344,25.0,25.0,16800
2021-12-15,20.50367546081543,25.020000457763672,25.040000915527344,25.020000457763672,25.040000915527344,400
2021-12-16,20.52416229248047,25.045000076293945,25.059999465942383,25.040000915527344,25.059999465942383,4300
2021-12-17,20.515975952148438,25.03499984741211,25.03499984741211,25.03499984741211,25.03499984741211,100
2021-12-20,20.51187515258789,25.030000686645508,25.030000686645508,25.030000686645508,25.030000686645508,100
2021-12-21,20.52007293701172,25.040000915527344,25.040000915527344,25.040000915527344,25.040000915527344,100
2021-12-22,20.499588012695312,25.014999389648438,25.030000686645508,25.014999389648438,25.030000686645508,1300
2021-12-23,20.499588012695312,25.014999389648438,25.014999389648438,25.010000228881836,25.010000228881836,200
2021-12-27,20.499588012695312,25.014999389648438,25.014999389648438,25.014999389648438,25.014999389648438,100
2021-12-28,20.507780075073242,25.024999618530273,25.031999588012695,25.020000457763672,25.020000457763672,400
2021-12-29,20.510244369506836,25.010000228881836,25.010000228881836,25.0,25.0,400
2021-12-30,20.510244369506836,25.010000228881836,25.020000457763672,25.010000228881836,25.020000457763672,100
2021-12-31,20.518436431884766,25.020000457763672,25.020000457763672,25.020000457763672,25.020000457763672,100
2022-01-03,20.502031326293945,25.0,25.0,25.0,25.0,1300
2022-01-04,20.502031326293945,25.0,25.0,25.0,25.0,100
2022-01-05,20.502031326293945,25.0,25.0,24.999000549316406,25.0,12300
2022-01-06,20.502031326293945,25.0,25.0,24.9950008392334,25.0,3200
2022-01-07,20.502031326293945,25.0,25.0,24.989999771118164,24.989999771118164,1600
2022-01-10,20.502031326293945,25.0,25.0,24.990999221801758,24.9950008392334,3600
2022-01-11,20.493837356567383,24.989999771118164,24.989999771118164,24.989999771118164,24.989999771118164,1600
2022-01-12,20.497934341430664,24.9950008392334,24.9950008392334,24.989999771118164,24.989999771118164,700
2022-01-13,20.502031326293945,25.0,25.0,24.989999771118164,25.0,2400
2022-01-14,20.48973274230957,24.985000610351562,24.985000610351562,24.979999542236328,24.979999542236328,1300
2022-01-18,20.485631942749023,24.979999542236328,24.989999771118164,24.969999313354492,24.989999771118164,1500
2022-01-19,20.48973274230957,24.985000610351562,25.0,24.985000610351562,25.0,100
2022-01-20,20.502031326293945,25.0,25.0,24.989999771118164,24.999000549316406,3000
2022-01-21,20.502031326293945,25.0,25.0,24.985000610351562,25.0,3900
2022-01-24,20.502031326293945,25.0,25.0,24.969999313354492,24.985000610351562,2800
2022-01-25,20.48973274230957,24.985000610351562,25.0,24.985000610351562,25.0,300
2022-01-26,20.493837356567383,24.989999771118164,25.00200080871582,24.989999771118164,24.989999771118164,4300
2022-01-27,20.510244369506836,25.010000228881836,25.010000228881836,25.0,25.0,4100
2022-01-28,20.510244369506836,25.010000228881836,25.010000228881836,25.0,25.010000228881836,5200
2022-01-31,20.510244369506836,25.010000228881836,25.010000228881836,24.989999771118164,25.010000228881836,2600
2022-02-01,20.515155792236328,25.0,25.0,24.989999771118164,24.989999771118164,800
2022-02-02,20.515155792236328,25.0,25.0,25.0,25.0,600
2022-02-03,20.515155792236328,25.0,25.0,24.979999542236328,25.0,900
2022-02-04,20.515155792236328,25.0,25.0,24.989999771118164,24.9950008392334,2900
2022-02-07,20.515155792236328,25.0,25.0,25.0,25.0,700
2022-02-08,20.515155792236328,25.0,25.0,24.97100067138672,25.0,3200
2022-02-09,20.515155792236328,25.0,25.0,24.985000610351562,25.0,1600
2022-02-10,20.519268035888672,25.0049991607666,25.0049991607666,24.999000549316406,25.0,700
2022-02-11,20.49875259399414,24.979999542236328,25.030000686645508,24.979999542236328,24.9950008392334,22000
2022-02-14,20.515155792236328,25.0,25.0,24.969999313354492,25.0,1500
2022-02-15,20.49875259399414,24.979999542236328,24.989999771118164,24.979999542236328,24.989999771118164,1000
2022-02-16,20.515155792236328,25.0,25.0,25.0,25.0,500
2022-02-17,20.52336883544922,25.010000228881836,25.010000228881836,25.0,25.0,1700
2022-02-18,20.519268035888672,25.0049991607666,25.0049991607666,25.0049991607666,25.0049991607666,800
2022-02-22,20.515155792236328,25.0,25.0,24.9950008392334,24.9950008392334,2700
2022-02-23,20.519268035888672,25.0049991607666,25.030000686645508,25.0,25.030000686645508,300
2022-02-24,20.506954193115234,24.989999771118164,25.0,24.989999771118164,25.0,5500
2022-02-25,20.511056900024414,24.9950008392334,24.9950008392334,24.989999771118164,24.989999771118164,200
2022-02-28,20.424890518188477,24.889999389648438,24.899999618530273,24.8799991607666,24.899999618530273,600
2022-03-01,20.51195526123047,24.975000381469727,24.976999282836914,24.975000381469727,24.976999282836914,500
2022-03-02,20.49142074584961,24.950000762939453,24.979999542236328,24.899999618530273,24.899999618530273,6300
2022-03-03,20.49142074584961,24.950000762939453,24.96500015258789,24.950000762939453,24.96500015258789,1300
2022-03-04,20.450347900390625,24.899999618530273,24.91900062561035,24.8700008392334,24.91900062561035,4100
2022-03-07,20.445430755615234,24.893999099731445,24.893999099731445,24.8799991607666,24.8799991607666,1300
2022-03-08,20.47088623046875,24.924999237060547,24.924999237060547,24.899999618530273,24.899999618530273,900
2022-03-09,20.429819107055664,24.875,24.915000915527344,24.875,24.915000915527344,700
2022-03-10,20.442140579223633,24.889999389648438,24.899999618530273,24.889999389648438,24.899999618530273,100
2022-03-11,20.458568572998047,24.90999984741211,24.90999984741211,24.90999984741211,24.90999984741211,100
2022-03-14,20.431468963623047,24.87700080871582,24.934999465942383,24.87700080871582,24.899999618530273,700
2022-03-15,20.442140579223633,24.889999389648438,24.889999389648438,24.8799991607666,24.8799991607666,1200
2022-03-16,20.429819107055664,24.875,24.899999618530273,24.875,24.889999389648438,1700
2022-03-17,20.442140579223633,24.889999389648438,24.889999389648438,24.860000610351562,24.860000610351562,600
2022-03-18,20.433929443359375,24.8799991607666,24.8799991607666,24.825000762939453,24.875,2500
2022-03-21,20.42160987854004,24.864999771118164,24.864999771118164,24.854000091552734,24.854000091552734,100
2022-03-22,20.401071548461914,24.84000015258789,24.84000015258789,24.84000015258789,24.84000015258789,100
2022-03-23,20.347684860229492,24.774999618530273,24.829999923706055,24.774999618530273,24.829999923706055,700
2022-03-24,20.355905532836914,24.78499984741211,24.78499984741211,24.78499984741211,24.78499984741211,100
2022-03-25,20.355905532836914,24.78499984741211,24.799999237060547,24.78499984741211,24.799999237060547,400
2022-03-28,20.376441955566406,24.809999465942383,24.81999969482422,24.809999465942383,24.81999969482422,1100
2022-03-29,20.355905532836914,24.78499984741211,24.78499984741211,24.78499984741211,24.78499984741211,100
2022-03-30,20.384647369384766,24.81999969482422,24.81999969482422,24.81999969482422,24.81999969482422,300
2022-03-31,20.388757705688477,24.825000762939453,24.860000610351562,24.825000762939453,24.860000610351562,100
2022-04-01,20.366561889648438,24.774999618530273,24.780000686645508,24.770000457763672,24.770000457763672,29900
2022-04-04,20.39533042907715,24.809999465942383,24.850000381469727,24.809999465942383,24.850000381469727,1300
2022-04-05,20.4405460357666,24.864999771118164,24.864999771118164,24.864999771118164,24.864999771118164,100
2022-04-06,20.415889739990234,24.834999084472656,24.834999084472656,24.829999923706055,24.829999923706055,200
2022-04-07,20.415889739990234,24.834999084472656,24.834999084472656,24.799999237060547,24.81999969482422,3700
2022-04-08,20.432327270507812,24.854999542236328,24.854999542236328,24.854999542236328,24.854999542236328,0
2022-04-11,20.432327270507812,24.854999542236328,24.8700008392334,24.854999542236328,24.8700008392334,100
2022-04-12,20.432327270507812,24.854999542236328,24.889999389648438,24.854999542236328,24.889999389648438,300
2022-04-13,20.432327270507812,24.854999542236328,24.875,24.854999542236328,24.875,300
2022-04-14,20.436437606811523,24.860000610351562,24.865999221801758,24.860000610351562,24.865999221801758,500
2022-04-18,20.443017959594727,24.868000030517578,24.90999984741211,24.861000061035156,24.88800048828125,900
2022-04-19,20.452880859375,24.8799991607666,24.8799991607666,24.719999313354492,24.719999313354492,300
2022-04-20,20.448766708374023,24.875,24.875,24.875,24.875,200
2022-04-21,20.432327270507812,24.854999542236328,24.854999542236328,24.854999542236328,24.854999542236328,100
2022-04-22,20.432327270507812,24.854999542236328,24.854999542236328,24.854999542236328,24.854999542236328,500
2022-04-25,20.222700119018555,24.600000381469727,24.829999923706055,24.600000381469727,24.829999923706055,2300
2022-04-26,20.432327270507812,24.854999542236328,24.854999542236328,24.844999313354492,24.844999313354492,500
2022-04-27,20.411773681640625,24.829999923706055,24.829999923706055,24.81999969482422,24.81999969482422,900
2022-04-28,20.424108505249023,24.844999313354492,24.856000900268555,24.844999313354492,24.856000900268555,200
2022-04-29,20.407669067382812,24.825000762939453,24.825000762939453,24.825000762939453,24.825000762939453,100
2022-05-02,20.378032684326172,24.760000228881836,24.760000228881836,24.760000228881836,24.760000228881836,100
2022-05-03,20.32865333557129,24.700000762939453,24.729999542236328,24.700000762939453,24.700000762939453,600
2022-05-04,20.35334587097168,24.729999542236328,24.729999542236328,24.700000762939453,24.72100067138672,1100
2022-05-05,20.35334587097168,24.729999542236328,24.729999542236328,24.729999542236328,24.729999542236328,0
2022-05-06,20.33688735961914,24.709999084472656,24.709999084472656,24.709999084472656,24.709999084472656,100
2022-05-09,20.31220245361328,24.68000030517578,24.68000030517578,24.68000030517578,24.68000030517578,200
2022-05-10,20.31631088256836,24.684999465942383,24.684999465942383,24.670000076293945,24.670000076293945,100
2022-05-11,20.30807876586914,24.674999237060547,24.674999237060547,24.674999237060547,24.674999237060547,100
2022-05-12,20.279273986816406,24.639999389648438,24.639999389648438,24.6299991607666,24.6299991607666,100
2022-05-13,20.279273986816406,24.639999389648438,24.639999389648438,24.600000381469727,24.600000381469727,700
2022-05-16,20.205204010009766,24.549999237060547,24.6200008392334,24.549999237060547,24.6200008392334,19200
2022-05-17,20.20931625366211,24.55500030517578,24.55500030517578,24.55500030517578,24.55500030517578,100
2022-05-18,20.122901916503906,24.450000762939453,24.459999084472656,24.450000762939453,24.459999084472656,500
2022-05-19,20.147586822509766,24.479999542236328,24.479999542236328,24.440000534057617,24.440000534057617,11600
2022-05-20,20.147586822509766,24.479999542236328,24.479999542236328,24.43000030517578,24.440000534057617,3300
2022-05-23,20.172279357910156,24.510000228881836,24.510000228881836,24.459999084472656,24.459999084472656,600
2022-05-24,20.127017974853516,24.454999923706055,24.454999923706055,24.454999923706055,24.454999923706055,100
2022-05-25,20.127017974853516,24.454999923706055,24.479999542236328,24.454999923706055,24.479999542236328,200
2022-05-26,20.127017974853516,24.454999923706055,24.454999923706055,24.454999923706055,24.454999923706055,0
2022-05-27,20.13524055480957,24.46500015258789,24.46500015258789,24.46500015258789,24.46500015258789,100
2022-05-31,20.13524055480957,24.46500015258789,24.46500015258789,24.46500015258789,24.46500015258789,100
2022-06-01,20.13688850402832,24.424999237060547,24.424999237060547,24.424999237060547,24.424999237060547,100
2022-06-02,20.12040901184082,24.405000686645508,24.405000686645508,24.405000686645508,24.405000686645508,100
2022-06-03,20.1451416015625,24.434999465942383,24.434999465942383,24.434999465942383,24.434999465942383,100
2022-06-06,20.173992156982422,24.469999313354492,24.469999313354492,24.420000076293945,24.420000076293945,200
2022-06-07,20.165746688842773,24.459999084472656,24.459999084472656,24.43000030517578,24.43000030517578,400
2022-06-08,20.223464965820312,24.530000686645508,24.530000686645508,24.530000686645508,24.530000686645508,200
2022-06-09,20.206972122192383,24.510000228881836,24.510000228881836,24.510000228881836,24.510000228881836,100
2022-06-10,20.206972122192383,24.510000228881836,24.510000228881836,24.510000228881836,24.510000228881836,0
2022-06-13,20.2152156829834,24.520000457763672,24.520000457763672,24.520000457763672,24.520000457763672,100
2022-06-14,20.2152156829834,24.520000457763672,24.520000457763672,24.520000457763672,24.520000457763672,100
2022-06-15,20.157508850097656,24.450000762939453,24.450000762939453,24.43000030517578,24.43000030517578,100
2022-06-16,20.165746688842773,24.459999084472656,24.459999084472656,24.459999084472656,24.459999084472656,0
2022-06-17,20.157508850097656,24.450000762939453,24.450000762939453,24.43000030517578,24.450000762939453,200
2022-06-21,20.14925765991211,24.440000534057617,24.440000534057617,24.440000534057617,24.440000534057617,100
2022-06-22,20.12865447998047,24.415000915527344,24.415000915527344,24.280000686645508,24.415000915527344,600
2022-06-23,20.1080379486084,24.389999389648438,24.395000457763672,24.389999389648438,24.395000457763672,400
2022-06-24,20.087427139282227,24.364999771118164,24.364999771118164,24.364999771118164,24.364999771118164,100
2022-06-27,20.087427139282227,24.364999771118164,24.3799991607666,24.364999771118164,24.3799991607666,500
2022-06-28,20.103919982910156,24.385000228881836,24.389999389648438,24.360000610351562,24.389999389648438,9100
2022-06-29,20.09979248046875,24.3799991607666,24.399999618530273,24.3799991607666,24.3799991607666,600
2022-06-30,20.033838272094727,24.299999237060547,24.329999923706055,24.190000534057617,24.329999923706055,500
2022-07-01,20.066041946411133,24.299999237060547,24.299999237060547,24.290000915527344,24.290000915527344,100
2022-07-05,20.094945907592773,24.334999084472656,24.334999084472656,24.334999084472656,24.334999084472656,100
2022-07-06,19.983469009399414,24.200000762939453,24.2549991607666,24.200000762939453,24.209999084472656,600
2022-07-07,20.028886795043945,24.2549991607666,24.2549991607666,24.239999771118164,24.239999771118164,100
2022-07-08,20.045400619506836,24.274999618530273,24.274999618530273,24.274999618530273,24.274999618530273,100
2022-07-11,20.061912536621094,24.295000076293945,24.295000076293945,24.295000076293945,24.295000076293945,0
2022-07-12,20.061912536621094,24.295000076293945,24.295000076293945,24.295000076293945,24.295000076293945,100
2022-07-13,20.061912536621094,24.295000076293945,24.295000076293945,24.295000076293945,24.295000076293945,0
2022-07-14,20.037137985229492,24.264999389648438,24.264999389648438,24.264999389648438,24.264999389648438,100
2022-07-15,20.037137985229492,24.264999389648438,24.264999389648438,24.264999389648438,24.264999389648438,0
2022-07-18,20.053651809692383,24.28499984741211,24.28499984741211,24.28499984741211,24.28499984741211,0
2022-07-19,20.041271209716797,24.270000457763672,24.270000457763672,24.25,24.270000457763672,59600
2022-07-20,20.02475357055664,24.25,24.260000228881836,24.25,24.260000228881836,15000
2022-07-21,20.0206241607666,24.2450008392334,24.260000228881836,24.2450008392334,24.260000228881836,14500
2022-07-22,19.999980926513672,24.219999313354492,24.219999313354492,24.219999313354492,24.219999313354492,100
2022-07-25,20.033016204833984,24.260000228881836,24.299999237060547,24.239999771118164,24.299999237060547,11300
2022-07-26,20.033016204833984,24.260000228881836,24.260000228881836,24.260000228881836,24.260000228881836,100
2022-07-27,20.016504287719727,24.239999771118164,24.239999771118164,24.239999771118164,24.239999771118164,100
2022-07-28,20.057781219482422,24.290000915527344,24.31999969482422,24.290000915527344,24.31999969482422,200
2022-07-29,20.066041946411133,24.299999237060547,24.299999237060547,24.299999237060547,24.299999237060547,100
2022-08-01,20.07183837890625,24.25,24.25,24.25,24.25,100
2022-08-02,20.080116271972656,24.260000228881836,24.290000915527344,24.260000228881836,24.290000915527344,100
2022-08-03,20.088394165039062,24.270000457763672,24.270000457763672,24.270000457763672,24.270000457763672,100
2022-08-04,20.088394165039062,24.270000457763672,24.270000457763672,24.270000457763672,24.270000457763672,100
2022-08-05,20.096664428710938,24.280000686645508,24.280000686645508,24.280000686645508,24.280000686645508,200
2022-08-08,20.150468826293945,24.344999313354492,24.344999313354492,24.344999313354492,24.344999313354492,100
2022-08-09,20.138051986694336,24.329999923706055,24.329999923706055,24.329999923706055,24.329999923706055,0
2022-08-10,20.138051986694336,24.329999923706055,24.329999923706055,24.329999923706055,24.329999923706055,100
2022-08-11,20.142192840576172,24.334999084472656,24.357999801635742,24.31100082397461,24.31100082397461,900
2022-08-12,20.162885665893555,24.360000610351562,24.360000610351562,24.360000610351562,24.360000610351562,100
2022-08-15,20.162885665893555,24.360000610351562,24.360000610351562,24.360000610351562,24.360000610351562,100
2022-08-16,20.18770980834961,24.389999389648438,24.389999389648438,24.360000610351562,24.360000610351562,200
2022-08-17,20.18770980834961,24.389999389648438,24.389999389648438,24.389999389648438,24.389999389648438,100
2022-08-18,20.204267501831055,24.40999984741211,24.40999984741211,24.40999984741211,24.40999984741211,0
2022-08-19,20.204267501831055,24.40999984741211,24.40999984741211,24.40999984741211,24.40999984741211,100
2022-08-22,20.212547302246094,24.420000076293945,24.450000762939453,24.420000076293945,24.450000762939453,800
2022-08-23,20.2208251953125,24.43000030517578,24.459999084472656,24.43000030517578,24.459999084472656,400
2022-08-24,20.2208251953125,24.43000030517578,24.43000030517578,24.43000030517578,24.43000030517578,0
2022-08-25,20.2208251953125,24.43000030517578,24.43000030517578,24.43000030517578,24.43000030517578,100
2022-08-26,20.2208251953125,24.43000030517578,24.43000030517578,24.40999984741211,24.40999984741211,200
2022-08-29,20.2208251953125,24.43000030517578,24.43000030517578,24.415000915527344,24.415000915527344,300
2022-08-30,20.2208251953125,24.43000030517578,24.43000030517578,24.43000030517578,24.43000030517578,100
2022-08-31,20.204267501831055,24.40999984741211,24.40999984741211,24.40999984741211,24.40999984741211,100
2022-09-01,20.211748123168945,24.34000015258789,24.360000610351562,24.34000015258789,24.360000610351562,100
2022-09-02,20.23249626159668,24.364999771118164,24.40999984741211,24.364999771118164,24.40999984741211,500
2022-09-06,20.19513511657715,24.31999969482422,24.31999969482422,24.31999969482422,24.31999969482422,100
2022-09-07,20.19513511657715,24.31999969482422,24.31999969482422,24.31999969482422,24.31999969482422,100
2022-09-08,20.20343589782715,24.329999923706055,24.329999923706055,24.329999923706055,24.329999923706055,100
2022-09-09,20.20343589782715,24.329999923706055,24.329999923706055,24.329999923706055,24.329999923706055,100
2022-09-12,20.18682861328125,24.309999465942383,24.309999465942383,24.309999465942383,24.309999465942383,100
2022-09-13,20.20343589782715,24.329999923706055,24.329999923706055,24.329999923706055,24.329999923706055,100
2022-09-14,20.18682861328125,24.309999465942383,24.309999465942383,24.309999465942383,24.309999465942383,100
2022-09-15,20.18682861328125,24.309999465942383,24.309999465942383,24.309999465942383,24.309999465942383,0
2022-09-16,20.161916732788086,24.280000686645508,24.280000686645508,24.280000686645508,24.280000686645508,0
2022-09-19,20.161916732788086,24.280000686645508,24.280000686645508,24.280000686645508,24.280000686645508,100
2022-09-20,20.145313262939453,24.260000228881836,24.260000228881836,24.260000228881836,24.260000228881836,100
2022-09-21,20.145313262939453,24.260000228881836,24.260000228881836,24.260000228881836,24.260000228881836,100
2022-09-22,20.15361785888672,24.270000457763672,24.270000457763672,24.270000457763672,24.270000457763672,100
2022-09-23,20.145313262939453,24.260000228881836,24.27400016784668,24.260000228881836,24.27400016784668,300
2022-09-26,20.137012481689453,24.25,24.25,24.25,24.25,0
2022-09-27,20.145313262939453,24.260000228881836,24.260000228881836,24.260000228881836,24.260000228881836,100
2022-09-28,20.112092971801758,24.219999313354492,24.219999313354492,24.219999313354492,24.219999313354492,100
2022-09-29,20.10378646850586,24.209999084472656,24.209999084472656,24.180999755859375,24.180999755859375,400
2022-09-30,20.099639892578125,24.204999923706055,24.204999923706055,24.204999923706055,24.204999923706055,100
2022-10-03,20.052162170410156,24.075000762939453,24.075000762939453,24.075000762939453,24.075000762939453,100
2022-10-04,20.056325912475586,24.079999923706055,24.108999252319336,24.079999923706055,24.108999252319336,200
2022-10-05,20.07299041748047,24.100000381469727,24.100000381469727,24.100000381469727,24.100000381469727,100
2022-10-06,20.081317901611328,24.110000610351562,24.110000610351562,24.110000610351562,24.110000610351562,100
2022-10-07,20.081317901611328,24.110000610351562,24.110000610351562,24.08099937438965,24.08099937438965,300
2022-10-10,20.118793487548828,24.155000686645508,24.155000686645508,24.155000686645508,24.155000686645508,100
2022-10-11,20.097972869873047,24.1299991607666,24.270000457763672,24.1299991607666,24.15999984741211,13500
2022-10-12,20.081317901611328,24.110000610351562,24.111000061035156,24.100000381469727,24.100000381469727,3300
2022-10-13,20.068822860717773,24.094999313354492,24.094999313354492,24.040000915527344,24.06999969482422,7600
2022-10-14,20.02301025390625,24.040000915527344,24.040000915527344,24.030000686645508,24.030000686645508,1200
2022-10-17,20.048006057739258,24.06999969482422,24.09000015258789,24.049999237060547,24.09000015258789,200
2022-10-18,20.08964729309082,24.1200008392334,24.1200008392334,24.1200008392334,24.1200008392334,200
2022-10-19,20.097972869873047,24.1299991607666,24.1299991607666,24.1299991607666,24.1299991607666,200
2022-10-20,20.097972869873047,24.1299991607666,24.1299991607666,24.100000381469727,24.110000610351562,300
2022-10-21,20.122961044311523,24.15999984741211,24.15999984741211,24.15999984741211,24.15999984741211,100
2022-10-24,20.13128662109375,24.170000076293945,24.170000076293945,24.170000076293945,24.170000076293945,100
2022-10-25,20.147951126098633,24.190000534057617,24.190000534057617,24.190000534057617,24.190000534057617,100
2022-10-26,20.156280517578125,24.200000762939453,24.200000762939453,24.200000762939453,24.200000762939453,0
2022-10-27,20.160442352294922,24.204999923706055,24.204999923706055,24.204999923706055,24.204999923706055,100
2022-10-28,20.139617919921875,24.18000030517578,24.18000030517578,24.18000030517578,24.18000030517578,100
2022-10-31,20.14378547668457,24.184999465942383,24.184999465942383,24.184999465942383,24.184999465942383,100
2022-11-01,20.15214729309082,24.104999542236328,24.104999542236328,24.104999542236328,24.104999542236328,100
2022-11-02,20.156322479248047,24.110000610351562,24.110000610351562,24.079999923706055,24.110000610351562,400
2022-11-03,20.156322479248047,24.110000610351562,24.110000610351562,24.110000610351562,24.110000610351562,100
2022-11-04,20.156322479248047,24.110000610351562,24.110000610351562,24.110000610351562,24.110000610351562,100
2022-11-07,20.15214729309082,24.104999542236328,24.104999542236328,24.104999542236328,24.104999542236328,100
2022-11-08,20.16886329650879,24.125,24.125,24.125,24.125,100
2022-11-09,20.164684295654297,24.1200008392334,24.1200008392334,24.1200008392334,24.1200008392334,100
2022-11-10,20.185585021972656,24.145000457763672,24.145000457763672,24.145000457763672,24.145000457763672,100
2022-11-11,20.202306747436523,24.165000915527344,24.190000534057617,24.165000915527344,24.190000534057617,600
2022-11-14,20.193937301635742,24.155000686645508,24.190000534057617,24.149999618530273,24.190000534057617,13600
2022-11-15,20.248287200927734,24.219999313354492,24.219999313354492,24.200000762939453,24.219999313354492,1900
2022-11-16,20.27336883544922,24.25,24.25,24.25,24.25,100
2022-11-17,20.256643295288086,24.229999542236328,24.229999542236328,24.229999542236328,24.229999542236328,300
2022-11-18,20.28172492980957,24.260000228881836,24.260000228881836,24.260000228881836,24.260000228881836,0
2022-11-21,20.315166473388672,24.299999237060547,24.299999237060547,24.299999237060547,24.299999237060547,100
2022-11-22,20.32352638244629,24.309999465942383,24.329999923706055,24.309999465942383,24.329999923706055,500
2022-11-23,20.33188247680664,24.31999969482422,24.31999969482422,24.290000915527344,24.290000915527344,200
2022-11-25,20.348613739013672,24.34000015258789,24.34000015258789,24.34000015258789,24.34000015258789,100
2022-11-28,20.365327835083008,24.360000610351562,24.360000610351562,24.360000610351562,24.360000610351562,100
2022-11-29,20.373687744140625,24.3700008392334,24.3700008392334,24.3700008392334,24.3700008392334,0
2022-11-30,20.38204574584961,24.3799991607666,24.3799991607666,24.3799991607666,24.3799991607666,100
2022-12-01,20.389602661132812,24.28499984741211,24.28499984741211,24.28499984741211,24.28499984741211,0
2022-12-02,20.39380645751953,24.290000915527344,24.31999969482422,24.290000915527344,24.31999969482422,400
2022-12-05,20.39380645751953,24.290000915527344,24.290000915527344,24.290000915527344,24.290000915527344,100
2022-12-06,20.406396865844727,24.30500030517578,24.30500030517578,24.30500030517578,24.30500030517578,100
2022-12-07,20.41059684753418,24.309999465942383,24.309999465942383,24.309999465942383,24.309999465942383,100
2022-12-08,20.431583404541016,24.334999084472656,24.334999084472656,24.334999084472656,24.334999084472656,100
2022-12-09,20.427387237548828,24.329999923706055,24.329999923706055,24.329999923706055,24.329999923706055,100
2022-12-12,20.427387237548828,24.329999923706055,24.329999923706055,24.329999923706055,24.329999923706055,100
2022-12-13,20.43577766418457,24.34000015258789,24.34000015258789,24.34000015258789,24.34000015258789,100
2022-12-14,20.460969924926758,24.3700008392334,24.3700008392334,24.329999923706055,24.354999542236328,1600
2022-12-15,20.4693660736084,24.3799991607666,24.3799991607666,24.3799991607666,24.3799991607666,100
2022-12-16,20.49455451965332,24.40999984741211,24.40999984741211,24.40999984741211,24.40999984741211,100
2022-12-19,20.49455451965332,24.40999984741211,24.440000534057617,24.40999984741211,24.440000534057617,500
2022-12-20,20.50295066833496,24.420000076293945,24.420000076293945,24.420000076293945,24.420000076293945,100
2022-12-21,20.4693660736084,24.3799991607666,24.420000076293945,24.360000610351562,24.420000076293945,8000
2022-12-22,20.477760314941406,24.389999389648438,24.389999389648438,24.389999389648438,24.389999389648438,100
2022-12-23,20.511350631713867,24.43000030517578,24.43000030517578,24.399999618530273,24.399999618530273,800
2022-12-27,20.507143020629883,24.424999237060547,24.424999237060547,24.424999237060547,24.424999237060547,100
2022-12-28,20.519744873046875,24.440000534057617,24.469999313354492,24.440000534057617,24.4689998626709,1100
2022-12-29,20.5450382232666,24.364999771118164,24.3700008392334,24.364999771118164,24.3700008392334,100
2022-12-30,20.549253463745117,24.3700008392334,24.3799991607666,24.3700008392334,24.3799991607666,300
2023-01-03,20.5450382232666,24.364999771118164,24.364999771118164,24.364999771118164,24.364999771118164,100
2023-01-04,20.549253463745117,24.3700008392334,24.3700008392334,24.3700008392334,24.3700008392334,100
2023-01-05,20.557687759399414,24.3799991607666,24.3799991607666,24.3799991607666,24.3799991607666,100
2023-01-06,20.56611442565918,24.389999389648438,24.389999389648438,24.389999389648438,24.389999389648438,100
2023-01-09,20.5534725189209,24.375,24.375,24.375,24.375,100
2023-01-10,20.574548721313477,24.399999618530273,24.43000030517578,24.381999969482422,24.382999420166016,4200
2023-01-11,20.570335388183594,24.395000457763672,24.395000457763672,24.395000457763672,24.395000457763672,100
2023-01-12,20.59141731262207,24.420000076293945,24.440000534057617,24.420000076293945,24.420000076293945,1000
2023-01-13,20.65044403076172,24.489999771118164,24.489999771118164,24.489999771118164,24.489999771118164,200
2023-01-17,20.625139236450195,24.459999084472656,24.459999084472656,24.43000030517578,24.43000030517578,100
2023-01-18,20.633577346801758,24.469999313354492,24.489999771118164,24.450000762939453,24.47800064086914,2600
2023-01-19,20.663087844848633,24.5049991607666,24.5049991607666,24.5049991607666,24.5049991607666,100
2023-01-20,20.66730308532715,24.510000228881836,24.520000457763672,24.510000228881836,24.520000457763672,100
2023-01-23,20.6715145111084,24.514999389648438,24.514999389648438,24.514999389648438,24.514999389648438,0
2023-01-24,20.66730308532715,24.510000228881836,24.510000228881836,24.510000228881836,24.510000228881836,100
2023-01-25,20.68416976928711,24.530000686645508,24.540000915527344,24.530000686645508,24.540000915527344,300
2023-01-26,20.68416976928711,24.530000686645508,24.530000686645508,24.530000686645508,24.530000686645508,100
2023-01-27,20.70946502685547,24.559999465942383,24.58799934387207,24.559999465942383,24.58799934387207,100
2023-01-30,20.74319839477539,24.600000381469727,24.600000381469727,24.600000381469727,24.600000381469727,100
2023-01-31,20.75162696838379,24.610000610351562,24.610000610351562,24.610000610351562,24.610000610351562,100
2023-02-01,20.76687240600586,24.514999389648438,24.514999389648438,24.514999389648438,24.514999389648438,100
2023-02-02,20.76687240600586,24.514999389648438,24.530000686645508,24.5049991607666,24.530000686645508,1800
2023-02-03,20.765182495117188,24.51300048828125,24.540000915527344,24.51300048828125,24.540000915527344,300
2023-02-06,20.775341033935547,24.524999618530273,24.524999618530273,24.524999618530273,24.524999618530273,100
2023-02-07,20.81346893310547,24.56999969482422,24.56999969482422,24.56999969482422,24.56999969482422,100
2023-02-08,20.85158348083496,24.614999771118164,24.614999771118164,24.614999771118164,24.614999771118164,100
2023-02-09,20.855825424194336,24.6200008392334,24.6200008392334,24.600000381469727,24.600000381469727,600
2023-02-10,20.84735107421875,24.610000610351562,24.6299991607666,24.600000381469727,24.610000610351562,600
2023-02-13,20.85158348083496,24.614999771118164,24.614999771118164,24.610000610351562,24.610000610351562,200
2023-02-14,20.881237030029297,24.649999618530273,24.649999618530273,24.649999618530273,24.649999618530273,100
2023-02-15,20.88970375061035,24.65999984741211,24.690000534057617,24.639999389648438,24.690000534057617,4700
2023-02-16,20.91088104248047,24.684999465942383,24.684999465942383,24.684999465942383,24.684999465942383,100
2023-02-17,20.915119171142578,24.690000534057617,24.690000534057617,24.690000534057617,24.690000534057617,100
2023-02-21,20.906648635864258,24.68000030517578,24.68000030517578,24.68000030517578,24.68000030517578,100
2023-02-22,20.93629264831543,24.71500015258789,24.729000091552734,24.71500015258789,24.729000091552734,100
2023-02-23,20.92359161376953,24.700000762939453,24.700000762939453,24.700000762939453,24.700000762939453,100
2023-02-24,20.915119171142578,24.690000534057617,24.690000534057617,24.690000534057617,24.690000534057617,100
2023-02-27,20.86429214477539,24.6299991607666,24.6299991607666,24.6299991607666,24.6299991607666,100
2023-02-28,20.855825424194336,24.6200008392334,24.6200008392334,24.6200008392334,24.6200008392334,100
2023-03-01,20.866884231567383,24.520000457763672,24.520000457763672,24.520000457763672,24.520000457763672,100
2023-03-02,20.88390350341797,24.540000915527344,24.540000915527344,24.540000915527344,24.540000915527344,400
2023-03-03,20.896671295166016,24.55500030517578,24.55500030517578,24.530000686645508,24.530000686645508,200
2023-03-06,20.837100982666016,24.485000610351562,24.540000915527344,24.485000610351562,24.540000915527344,200
2023-03-07,20.88390350341797,24.540000915527344,24.59000015258789,24.540000915527344,24.59000015258789,300
2023-03-08,20.926456451416016,24.59000015258789,24.600000381469727,24.559999465942383,24.559999465942383,300
2023-03-09,20.926456451416016,24.59000015258789,24.59000015258789,24.559999465942383,24.559999465942383,100
2023-03-10,20.917945861816406,24.579999923706055,24.579999923706055,24.540000915527344,24.559999465942383,1500
2023-03-13,20.90943717956543,24.56999969482422,24.56999969482422,24.56999969482422,24.56999969482422,100
2023-03-14,20.892410278320312,24.549999237060547,24.549999237060547,24.549999237060547,24.549999237060547,200
2023-03-15,20.88390350341797,24.540000915527344,24.540000915527344,24.500999450683594,24.500999450683594,1400
2023-03-16,20.87540054321289,24.530000686645508,24.530000686645508,24.530000686645508,24.530000686645508,0
2023-03-17,20.841352462768555,24.489999771118164,24.489999771118164,24.489999771118164,24.489999771118164,100
2023-03-20,20.81157684326172,24.454999923706055,24.454999923706055,24.375,24.40999984741211,800
2023-03-21,20.79880714416504,24.440000534057617,24.440000534057617,24.440000534057617,24.440000534057617,100
2023-03-22,20.815828323364258,24.459999084472656,24.459999084472656,24.459999084472656,24.459999084472656,700
2023-03-23,20.820079803466797,24.46500015258789,24.46500015258789,24.46500015258789,24.46500015258789,100
2023-03-24,20.82858657836914,24.475000381469727,24.475000381469727,24.475000381469727,24.475000381469727,100
2023-03-27,20.871135711669922,24.524999618530273,24.524999618530273,24.524999618530273,24.524999618530273,100
2023-03-28,20.879648208618164,24.53499984741211,24.53499984741211,24.53499984741211,24.53499984741211,100
2023-03-29,20.879648208618164,24.53499984741211,24.53499984741211,24.53499984741211,24.53499984741211,100
2023-03-30,20.88390350341797,24.540000915527344,24.540000915527344,24.520000457763672,24.520000457763672,100
2023-03-31,20.924100875854492,24.46500015258789,24.46500015258789,24.46500015258789,24.46500015258789,0
2023-04-03,20.8856143951416,24.420000076293945,24.420000076293945,24.3799991607666,24.3799991607666,800
2023-04-04,20.919822692871094,24.459999084472656,24.459999084472656,24.459999084472656,24.459999084472656,100
2023-04-05,20.911272048950195,24.450000762939453,24.450000762939453,24.450000762939453,24.450000762939453,100
2023-04-06,20.94548797607422,24.489999771118164,24.5,24.461999893188477,24.469999313354492,4500
2023-04-10,20.928377151489258,24.469999313354492,24.469999313354492,24.469999313354492,24.469999313354492,100
2023-04-11,20.94120979309082,24.485000610351562,24.530000686645508,24.485000610351562,24.530000686645508,400
2023-04-12,20.958316802978516,24.5049991607666,24.5049991607666,24.5049991607666,24.5049991607666,100
2023-04-13,20.966867446899414,24.514999389648438,24.514999389648438,24.514999389648438,24.514999389648438,100
2023-04-14,20.97113609313965,24.520000457763672,24.520000457763672,24.520000457763672,24.520000457763672,0
2023-04-17,20.97113609313965,24.520000457763672,24.520000457763672,24.520000457763672,24.520000457763672,100
2023-04-18,20.983966827392578,24.53499984741211,24.53499984741211,24.53499984741211,24.53499984741211,100
2023-04-19,21.005353927612305,24.559999465942383,24.559999465942383,24.549999237060547,24.549999237060547,100
2023-04-20,20.992525100708008,24.545000076293945,24.545000076293945,24.545000076293945,24.545000076293945,100
2023-04-21,21.00963020324707,24.565000534057617,24.565000534057617,24.565000534057617,24.565000534057617,100
2023-04-24,20.99679946899414,24.549999237060547,24.59000015258789,24.549999237060547,24.59000015258789,500
2023-04-25,21.048114776611328,24.610000610351562,24.610000610351562,24.576000213623047,24.610000610351562,2800
2023-04-26,21.052391052246094,24.614999771118164,24.649999618530273,24.579999923706055,24.649999618530273,1600
2023-04-27,21.052391052246094,24.614999771118164,24.614999771118164,24.60700035095215,24.60700035095215,100
2023-04-28,21.052391052246094,24.614999771118164,24.614999771118164,24.59000015258789,24.59000015258789,300
2023-05-01,21.070444107055664,24.514999389648438,24.549999237060547,24.514999389648438,24.549999237060547,100
2023-05-02,21.074735641479492,24.520000457763672,24.520000457763672,24.489999771118164,24.489999771118164,1800
2023-05-03,21.083337783813477,24.530000686645508,24.56999969482422,24.520000457763672,24.520000457763672,400
2023-05-04,21.083337783813477,24.530000686645508,24.530000686645508,24.530000686645508,24.530000686645508,100
2023-05-05,21.096229553222656,24.545000076293945,24.579999923706055,24.545000076293945,24.579999923706055,100
2023-05-08,21.096229553222656,24.545000076293945,24.577999114990234,24.545000076293945,24.577999114990234,500
2023-05-09,21.100522994995117,24.549999237060547,24.549999237060547,24.549999237060547,24.549999237060547,100
2023-05-10,21.09193229675293,24.540000915527344,24.540000915527344,24.540000915527344,24.540000915527344,200
2023-05-11,21.096229553222656,24.545000076293945,24.545000076293945,24.545000076293945,24.545000076293945,100
2023-05-12,21.100522994995117,24.549999237060547,24.59000015258789,24.549999237060547,24.59000015258789,1500
2023-05-15,21.100522994995117,24.549999237060547,24.549999237060547,24.549999237060547,24.549999237060547,800
2023-05-16,21.13490867614746,24.59000015258789,24.59000015258789,24.59000015258789,24.59000015258789,100
2023-05-17,21.109119415283203,24.559999465942383,24.559999465942383,24.559999465942383,24.559999465942383,100
2023-05-18,21.109119415283203,24.559999465942383,24.559999465942383,24.559999465942383,24.559999465942383,100
2023-05-19,21.113418579101562,24.565000534057617,24.565000534057617,24.565000534057617,24.565000534057617,0
2023-05-22,21.113418579101562,24.565000534057617,24.565000534057617,24.565000534057617,24.565000534057617,100
2023-05-23,21.117713928222656,24.56999969482422,24.56999969482422,24.56999969482422,24.56999969482422,100
2023-05-24,21.109119415283203,24.559999465942383,24.559999465942383,24.559999465942383,24.559999465942383,200
2023-05-25,21.113418579101562,24.565000534057617,24.586000442504883,24.565000534057617,24.586000442504883,500
2023-05-26,21.122011184692383,24.575000762939453,24.575000762939453,24.575000762939453,24.575000762939453,100
2023-05-30,21.122011184692383,24.575000762939453,24.575000762939453,24.559999465942383,24.559999465942383,200
2023-05-31,21.126312255859375,24.579999923706055,24.600000381469727,24.559999465942383,24.600000381469727,500
2023-06-01,21.153093338012695,24.479999542236328,24.510000228881836,24.44099998474121,24.44099998474121,1700
2023-06-02,21.161733627319336,24.489999771118164,24.489999771118164,24.459999084472656,24.459999084472656,100
2023-06-05,21.153093338012695,24.479999542236328,24.479999542236328,24.479999542236328,24.479999542236328,200
2023-06-06,21.166061401367188,24.4950008392334,24.52899932861328,24.459999084472656,24.459999084472656,4200
2023-06-07,21.17037582397461,24.5,24.5,24.5,24.5,100
2023-06-08,21.174701690673828,24.5049991607666,24.548999786376953,24.5049991607666,24.548999786376953,1300
2023-06-09,21.196304321289062,24.530000686645508,24.530000686645508,24.530000686645508,24.530000686645508,100
2023-06-12,21.20061683654785,24.53499984741211,24.56999969482422,24.53499984741211,24.56999969482422,400
2023-06-13,21.226543426513672,24.565000534057617,24.600000381469727,24.565000534057617,24.600000381469727,900
2023-06-14,21.25246810913086,24.594999313354492,24.600000381469727,24.575000762939453,24.600000381469727,2500
2023-06-15,21.256786346435547,24.600000381469727,24.600000381469727,24.559999465942383,24.600000381469727,600
2023-06-16,21.261106491088867,24.604999542236328,24.604999542236328,24.56999969482422,24.56999969482422,1000
2023-06-20,21.26542854309082,24.610000610351562,24.639999389648438,24.610000610351562,24.639999389648438,900
2023-06-21,21.274072647094727,24.6200008392334,24.649999618530273,24.6200008392334,24.649999618530273,100
2023-06-22,21.278390884399414,24.625,24.670000076293945,24.625,24.670000076293945,200
2023-06-23,21.287031173706055,24.635000228881836,24.65999984741211,24.635000228881836,24.65999984741211,400
2023-06-26,21.295671463012695,24.645000457763672,24.645000457763672,24.645000457763672,24.645000457763672,100
2023-06-27,21.308635711669922,24.65999984741211,24.65999984741211,24.65999984741211,24.65999984741211,100
2023-06-28,21.317279815673828,24.670000076293945,24.670000076293945,24.631000518798828,24.631000518798828,200
2023-06-29,21.308635711669922,24.65999984741211,24.65999984741211,24.65999984741211,24.65999984741211,100
2023-06-30,21.308635711669922,24.65999984741211,24.690000534057617,24.65999984741211,24.65999984741211,500
2023-07-03,21.31210708618164,24.540000915527344,24.56999969482422,24.540000915527344,24.56999969482422,200
2023-07-05,21.329479217529297,24.559999465942383,24.599000930786133,24.559999465942383,24.599000930786133,400
2023-07-06,21.346847534179688,24.579999923706055,24.610000610351562,24.549999237060547,24.610000610351562,400
2023-07-07,21.351194381713867,24.584999084472656,24.584999084472656,24.584999084472656,24.584999084472656,100
2023-07-10,21.381587982177734,24.6200008392334,24.81999969482422,24.6200008392334,24.81999969482422,1400
2023-07-11,21.372901916503906,24.610000610351562,24.648000717163086,24.610000610351562,24.648000717163086,300
2023-07-12,21.372901916503906,24.610000610351562,24.625999450683594,24.610000610351562,24.625999450683594,1000
2023-07-13,21.381587982177734,24.6200008392334,24.65999984741211,24.59000015258789,24.59000015258789,1200
2023-07-14,21.381587982177734,24.6200008392334,24.649999618530273,24.604999542236328,24.604999542236328,800
2023-07-17,21.416322708129883,24.65999984741211,24.65999984741211,24.65999984741211,24.65999984741211,300
2023-07-18,21.398948669433594,24.639999389648438,24.639999389648438,24.639999389648438,24.639999389648438,100
2023-07-19,21.403297424316406,24.645000457763672,24.645000457763672,24.645000457763672,24.645000457763672,200
2023-07-20,21.42500877380371,24.670000076293945,24.670000076293945,24.670000076293945,24.670000076293945,300
2023-07-21,21.46408462524414,24.71500015258789,24.71500015258789,24.68000030517578,24.690000534057617,6800
2023-07-24,21.477115631103516,24.729999542236328,24.729999542236328,24.709999084472656,24.709999084472656,100
2023-07-25,21.477115631103516,24.729999542236328,24.729999542236328,24.719999313354492,24.719999313354492,100
2023-07-26,21.48579978942871,24.739999771118164,24.739999771118164,24.739999771118164,24.739999771118164,100
2023-07-27,21.490142822265625,24.7450008392334,24.7450008392334,24.7450008392334,24.7450008392334,100
2023-07-28,21.51619529724121,24.774999618530273,24.774999618530273,24.75,24.75,900
2023-07-31,21.520540237426758,24.780000686645508,25.09000015258789,24.75,24.75,7800
2023-08-01,21.525779724121094,24.649999618530273,24.670000076293945,24.590999603271484,24.590999603271484,300
2023-08-02,21.534515380859375,24.65999984741211,24.68899917602539,24.6299991607666,24.6299991607666,3900
2023-08-03,21.54323959350586,24.670000076293945,24.700000762939453,24.639999389648438,24.639999389648438,10100
2023-08-04,21.54323959350586,24.670000076293945,24.700000762939453,24.670000076293945,24.697999954223633,700
2023-08-07,21.613107681274414,24.75,24.829999923706055,24.709999084472656,24.81999969482422,600
2023-08-08,21.59564208984375,24.729999542236328,24.729999542236328,24.700000762939453,24.729999542236328,2300
2023-08-09,21.630563735961914,24.770000457763672,24.770000457763672,24.709999084472656,24.73900032043457,2300
2023-08-10,21.634937286376953,24.774999618530273,24.790000915527344,24.774999618530273,24.790000915527344,1200
2023-08-11,21.639301300048828,24.780000686645508,24.780000686645508,24.75,24.75,200
2023-08-14,21.630563735961914,24.770000457763672,24.799999237060547,24.709999084472656,24.799999237060547,2300
2023-08-15,21.680339813232422,24.82699966430664,24.829999923706055,24.770000457763672,24.770000457763672,8100
2023-08-16,21.65676498413086,24.799999237060547,24.820999145507812,24.67799949645996,24.770000457763672,3800
2023-08-17,21.665498733520508,24.809999465942383,24.84000015258789,24.809999465942383,24.829999923706055,4800
2023-08-18,21.696063995361328,24.844999313354492,24.844999313354492,24.725000381469727,24.829999923706055,4000
2023-08-21,21.648033142089844,24.790000915527344,24.829999923706055,24.739999771118164,24.829999923706055,1700
2023-08-22,21.682966232299805,24.829999923706055,24.850000381469727,24.799999237060547,24.799999237060547,1900
2023-08-23,21.709163665771484,24.860000610351562,24.8700008392334,24.860000610351562,24.860000610351562,3100
2023-08-24,21.691696166992188,24.84000015258789,24.8700008392334,24.84000015258789,24.860000610351562,2500
2023-08-25,21.665498733520508,24.809999465942383,24.861000061035156,24.809999465942383,24.809999465942383,1200
2023-08-28,21.700429916381836,24.850000381469727,24.8799991607666,24.81999969482422,24.81999969482422,2200
2023-08-29,21.700429916381836,24.850000381469727,24.860000610351562,24.829999923706055,24.829999923706055,2000
2023-08-30,21.717891693115234,24.8700008392334,24.8700008392334,24.84000015258789,24.84000015258789,300
2023-08-31,21.7178955078125,24.729999542236328,24.759000778198242,24.729999542236328,24.759000778198242,800
2023-09-01,21.70032501220703,24.709999084472656,24.757999420166016,24.709999084472656,24.709999084472656,800
2023-09-05,21.72667694091797,24.739999771118164,24.76300048828125,24.690000534057617,24.700000762939453,800
2023-09-06,21.735458374023438,24.75,24.75,24.729999542236328,24.729999542236328,400
2023-09-07,21.753023147583008,24.770000457763672,24.770000457763672,24.770000457763672,24.770000457763672,100
2023-09-08,21.735458374023438,24.75,24.75,24.75,24.75,400
2023-09-11,21.735458374023438,24.75,24.75,24.75,24.75,500
2023-09-12,21.770584106445312,24.790000915527344,24.81999969482422,24.760000228881836,24.768999099731445,2800
2023-09-13,21.753023147583008,24.770000457763672,24.829999923706055,24.770000457763672,24.770000457763672,2200
2023-09-14,21.783763885498047,24.80500030517578,24.80500030517578,24.777999877929688,24.777999877929688,300
2023-09-15,21.796932220458984,24.81999969482422,24.860000610351562,24.81999969482422,24.829999923706055,1900
2023-09-18,21.792545318603516,24.815000534057617,24.815000534057617,24.815000534057617,24.815000534057617,400
2023-09-19,21.823278427124023,24.850000381469727,24.8700008392334,24.850000381469727,24.850000381469727,1500
2023-09-20,21.810100555419922,24.834999084472656,24.8799991607666,24.799999237060547,24.799999237060547,8300
2023-09-21,21.840845108032227,24.8700008392334,24.899999618530273,24.860000610351562,24.8700008392334,1900
2023-09-22,21.840845108032227,24.8700008392334,24.875999450683594,24.8700008392334,24.875999450683594,1500
2023-09-25,21.862796783447266,24.895000457763672,24.909000396728516,24.850000381469727,24.850000381469727,10100
2023-09-26,21.85840606689453,24.889999389648438,24.916000366210938,24.889999389648438,24.916000366210938,2600
2023-09-27,21.867191314697266,24.899999618530273,24.920000076293945,24.8700008392334,24.8700008392334,1700
2023-09-28,21.867191314697266,24.899999618530273,24.923999786376953,24.784000396728516,24.8799991607666,4200
2023-09-29,21.849628448486328,24.8799991607666,24.8799991607666,24.85700035095215,24.85700035095215,1500
2023-10-02,21.86021614074707,24.764999389648438,24.764999389648438,24.676000595092773,24.676000595092773,1100
2023-10-03,21.873458862304688,24.780000686645508,24.812999725341797,24.739999771118164,24.739999771118164,2500
2023-10-04,21.86021614074707,24.764999389648438,25.239999771118164,24.124000549316406,24.829999923706055,2000
2023-10-05,21.873458862304688,24.780000686645508,24.780000686645508,24.780000686645508,24.780000686645508,0
2023-10-06,21.891111373901367,24.799999237060547,24.829999923706055,24.799999237060547,24.81999969482422,1800
2023-10-09,21.86904525756836,24.774999618530273,24.790000915527344,24.764999389648438,24.780000686645508,4700
2023-10-10,21.89993667602539,24.809999465942383,24.809999465942383,24.809999465942383,24.809999465942383,400
2023-10-11,21.891111373901367,24.799999237060547,24.829999923706055,24.799999237060547,24.81999969482422,3200
2023-10-12,21.904354095458984,24.815000534057617,24.819000244140625,24.77899932861328,24.77899932861328,2200
2023-10-13,21.91318130493164,24.825000762939453,24.84000015258789,24.825000762939453,24.84000015258789,3300
2023-10-16,21.91318130493164,24.825000762939453,24.860000610351562,24.825000762939453,24.860000610351562,4000
2023-10-17,21.91759490966797,24.829999923706055,24.850000381469727,24.829999923706055,24.850000381469727,500
2023-10-18,21.930831909179688,24.844999313354492,24.844999313354492,24.819000244140625,24.844999313354492,1000
2023-10-19,21.93524742126465,24.850000381469727,24.8799991607666,24.850000381469727,24.850000381469727,1100
2023-10-20,21.94142723083496,24.85700035095215,25.170000076293945,24.799999237060547,24.882999420166016,14900
2023-10-23,21.92641830444336,24.84000015258789,24.84000015258789,24.799999237060547,24.799999237060547,400
2023-10-24,21.93965721130371,24.854999542236328,24.854999542236328,24.854999542236328,24.854999542236328,1100
2023-10-25,21.961729049682617,24.8799991607666,24.899999618530273,24.850000381469727,24.850000381469727,2400
2023-10-26,21.961729049682617,24.8799991607666,24.96500015258789,24.8799991607666,24.93000030517578,3100
2023-10-27,21.952903747558594,24.8700008392334,24.8799991607666,24.840999603271484,24.840999603271484,900
2023-10-30,21.952903747558594,24.8700008392334,24.920000076293945,24.8700008392334,24.90999984741211,3400
2023-10-31,21.983797073364258,24.905000686645508,24.940000534057617,24.905000686645508,24.93000030517578,2200
2023-11-01,22.060123443603516,24.854999542236328,24.920000076293945,24.823999404907227,24.823999404907227,4900
2023-11-02,22.046812057495117,24.84000015258789,24.90999984741211,24.84000015258789,24.8700008392334,1400
2023-11-03,22.0778751373291,24.875,24.940000534057617,24.875,24.940000534057617,2600
2023-11-06,22.03793716430664,24.829999923706055,24.899999618530273,24.784000396728516,24.899999618530273,2200
2023-11-07,22.03793716430664,24.829999923706055,24.8799991607666,24.829999923706055,24.8799991607666,700
2023-11-08,22.055686950683594,24.850000381469727,24.889999389648438,24.850000381469727,24.850000381469727,3200
2023-11-09,22.055686950683594,24.850000381469727,24.899999618530273,24.81399917602539,24.860000610351562,41200
2023-11-10,22.0778751373291,24.875,24.899999618530273,24.823999404907227,24.860000610351562,22400
2023-11-13,22.060123443603516,24.854999542236328,24.90999984741211,24.854999542236328,24.90999984741211,5800
2023-11-14,22.09562873840332,24.895000457763672,24.92799949645996,24.860000610351562,24.90999984741211,7800
2023-11-15,22.11337661743164,24.915000915527344,24.979999542236328,24.81800079345703,24.81800079345703,12600
2023-11-16,22.126691818237305,24.93000030517578,24.989999771118164,24.850000381469727,24.989999771118164,10400
2023-11-17,22.171072006225586,24.979999542236328,25.0,24.979999542236328,24.979999542236328,2700
2023-11-20,22.11337661743164,24.915000915527344,24.954999923706055,24.850000381469727,24.954999923706055,1600
2023-11-21,22.131126403808594,24.934999465942383,24.934999465942383,24.8700008392334,24.8700008392334,2000
2023-11-22,22.114269256591797,24.916000366210938,25.010000228881836,24.8799991607666,25.010000228881836,2300
2023-11-24,22.148883819580078,24.954999923706055,25.010000228881836,24.920000076293945,24.920000076293945,1000
2023-11-27,22.166635513305664,24.975000381469727,24.989999771118164,24.910999298095703,24.989999771118164,1600
2023-11-28,22.144445419311523,24.950000762939453,25.0,24.90999984741211,24.90999984741211,3600
2023-11-29,22.166635513305664,24.975000381469727,25.040000915527344,24.90999984741211,24.975000381469727,5500
2023-11-30,22.23320198059082,25.049999237060547,25.049999237060547,24.979999542236328,25.040000915527344,2200
2023-12-01,22.128814697265625,24.80299949645996,24.93000030517578,24.790000915527344,24.93000030517578,7500
2023-12-04,22.17966651916504,24.860000610351562,24.93000030517578,24.850000381469727,24.93000030517578,4900
2023-12-05,22.210891723632812,24.895000457763672,24.940000534057617,24.8799991607666,24.940000534057617,6400
2023-12-06,22.259965896606445,24.950000762939453,25.0,24.899999618530273,24.933000564575195,9200
2023-12-07,22.259965896606445,24.950000762939453,24.989999771118164,24.950000762939453,24.950000762939453,5200
2023-12-08,22.259965896606445,24.950000762939453,24.951000213623047,24.950000762939453,24.951000213623047,600
2023-12-11,22.31348991394043,25.010000228881836,25.020000457763672,24.950000762939453,24.950000762939453,2100
2023-12-12,22.300111770629883,24.9950008392334,25.040000915527344,24.9950008392334,25.040000915527344,8500
2023-12-13,22.3045711517334,25.0,25.042999267578125,24.950000762939453,25.030000686645508,3300
2023-12-14,22.3045711517334,25.0,25.049999237060547,24.95800018310547,25.049999237060547,5400
2023-12-15,22.33133888244629,25.030000686645508,25.06999969482422,25.0,25.0,5600
2023-12-18,22.31348991394043,25.010000228881836,25.06999969482422,24.950000762939453,25.06999969482422,4800
2023-12-19,22.38486671447754,25.09000015258789,25.110000610351562,25.0,25.010000228881836,4500
2023-12-20,22.36702537536621,25.06999969482422,25.100000381469727,25.010000228881836,25.100000381469727,14100
2023-12-21,22.3447208404541,25.045000076293945,25.1299991607666,24.950000762939453,25.1200008392334,10500
2023-12-22,22.3536434173584,25.05500030517578,25.062000274658203,24.959999084472656,24.959999084472656,1800
2023-12-26,22.3447208404541,25.045000076293945,25.09000015258789,25.045000076293945,25.089000701904297,600
2023-12-27,22.41163444519043,25.1200008392334,25.149999618530273,25.0,25.0,2800
2023-12-28,22.428672790527344,25.0049991607666,25.1299991607666,24.950000762939453,25.1299991607666,19000
2023-12-29,22.38831329345703,24.959999084472656,25.034000396728516,24.959999084472656,25.020000457763672,6300
2024-01-02,22.4421329498291,25.020000457763672,25.079999923706055,25.0,25.079999923706055,6300
2024-01-03,22.44661521911621,25.024999618530273,25.079999923706055,24.983999252319336,25.020000457763672,7500
2024-01-04,22.45558738708496,25.03499984741211,25.084999084472656,24.981000900268555,25.03499984741211,2900
2024-01-05,22.4421329498291,25.020000457763672,25.040000915527344,25.0,25.040000915527344,5600
2024-01-08,22.464557647705078,25.045000076293945,25.110000610351562,24.99799919128418,25.110000610351562,9200
2024-01-09,22.47801399230957,25.059999465942383,25.110000610351562,25.049999237060547,25.110000610351562,4400
2024-01-10,22.48249626159668,25.065000534057617,25.139999389648438,25.0,25.139999389648438,7400
2024-01-11,22.45110321044922,25.030000686645508,25.065000534057617,25.020000457763672,25.049999237060547,14000
2024-01-12,22.500436782836914,25.084999084472656,25.1299991607666,25.030000686645508,25.030000686645508,14100
2024-01-16,22.500436782836914,25.084999084472656,25.149999618530273,25.049999237060547,25.079999923706055,6800
2024-01-17,22.527339935302734,25.114999771118164,25.170000076293945,25.058000564575195,25.100000381469727,8900
2024-01-18,22.51837158203125,25.104999542236328,25.18000030517578,25.040000915527344,25.1200008392334,11000
2024-01-19,22.531829833984375,25.1200008392334,25.159000396728516,25.06999969482422,25.110000610351562,3100
2024-01-22,22.540796279907227,25.1299991607666,25.170000076293945,25.1200008392334,25.1200008392334,2400
2024-01-23,22.52285385131836,25.110000610351562,25.110000610351562,25.079999923706055,25.09000015258789,4800
2024-01-24,22.53631591796875,25.125,25.15999984741211,25.079999923706055,25.1200008392334,1300
2024-01-25,22.53631591796875,25.125,25.163000106811523,25.125,25.15999984741211,3800
2024-01-26,22.567705154418945,25.15999984741211,25.22800064086914,25.09000015258789,25.1200008392334,14400
2024-01-29,22.52285385131836,25.110000610351562,25.149999618530273,25.110000610351562,25.149999618530273,1700
2024-01-30,22.637306213378906,25.1200008392334,25.1299991607666,25.010000228881836,25.010000228881836,2500
2024-01-31,22.587743759155273,25.065000534057617,25.1200008392334,25.0,25.065000534057617,3500
2024-02-01,22.605762481689453,25.084999084472656,25.149999618530273,25.020000457763672,25.121999740600586,5900
2024-02-02,22.596757888793945,25.075000762939453,25.128000259399414,25.075000762939453,25.128000259399414,2200
2024-02-05,22.61026954650879,25.09000015258789,25.131000518798828,25.010000228881836,25.059999465942383,22900
2024-02-06,22.628293991088867,25.110000610351562,25.110000610351562,25.049999237060547,25.049999237060547,4200
2024-02-07,22.62378692626953,25.104999542236328,25.15999984741211,25.06599998474121,25.06999969482422,9800
2024-02-08,22.61026954650879,25.09000015258789,25.1200008392334,25.049999237060547,25.100000381469727,6600
2024-02-09,22.632797241210938,25.114999771118164,25.114999771118164,25.114999771118164,25.114999771118164,15300
2024-02-12,22.637306213378906,25.1200008392334,25.190000534057617,25.049999237060547,25.110000610351562,3900
2024-02-13,22.65082359313965,25.135000228881836,25.200000762939453,25.06999969482422,25.200000762939453,11100
2024-02-14,22.65082359313965,25.135000228881836,25.191999435424805,25.049999237060547,25.049999237060547,12200
2024-02-15,22.64631462097168,25.1299991607666,25.1299991607666,25.06999969482422,25.1200008392334,3500
2024-02-16,22.640911102294922,25.124000549316406,25.219999313354492,25.100000381469727,25.219999313354492,7200
2024-02-20,22.664335250854492,25.149999618530273,25.149999618530273,25.110000610351562,25.1200008392334,2400
2024-02-21,22.668842315673828,25.155000686645508,25.190000534057617,25.148000717163086,25.149999618530273,8800
2024-02-22,22.668842315673828,25.155000686645508,25.15999984741211,25.125999450683594,25.149999618530273,1000
2024-02-23,22.6778564453125,25.165000915527344,25.190000534057617,25.121000289916992,25.155000686645508,8000
2024-02-26,22.69408416748047,25.183000564575195,25.260000228881836,25.1299991607666,25.18000030517578,6100
2024-02-27,22.718408584594727,25.209999084472656,25.209999084472656,25.1299991607666,25.1299991607666,3700
2024-02-28,22.70482063293457,25.062999725341797,25.149999618530273,25.010000228881836,25.149999618530273,15400
2024-02-29,22.715696334838867,25.075000762939453,25.110000610351562,25.025999069213867,25.093000411987305,5200
2024-03-01,22.742870330810547,25.104999542236328,25.149999618530273,25.020000457763672,25.03700065612793,18500
2024-03-04,22.702104568481445,25.059999465942383,25.15999984741211,25.010000228881836,25.15999984741211,37800
2024-03-05,22.738344192504883,25.100000381469727,25.149999618530273,25.040000915527344,25.040000915527344,4000
2024-03-06,22.702104568481445,25.059999465942383,25.135000228881836,25.030000686645508,25.030000686645508,9400
2024-03-07,22.711164474487305,25.06999969482422,25.15999984741211,25.020000457763672,25.152999877929688,12100
2024-03-08,22.733814239501953,25.094999313354492,25.1200008392334,25.079999923706055,25.110000610351562,4900
2024-03-11,22.702104568481445,25.059999465942383,25.1200008392334,25.059999465942383,25.110000610351562,14800
2024-03-12,22.702104568481445,25.059999465942383,25.1200008392334,25.059999465942383,25.059999465942383,10900
2024-03-13,22.72022819519043,25.079999923706055,25.149999618530273,25.079999923706055,25.100000381469727,15700
2024-03-14,22.72022819519043,25.079999923706055,25.104000091552734,25.079999923706055,25.104000091552734,1200
2024-03-15,22.75192642211914,25.114999771118164,25.149999618530273,25.06999969482422,25.125999450683594,8300
2024-03-18,22.738344192504883,25.100000381469727,25.117000579833984,25.079999923706055,25.079999923706055,2500
2024-03-19,22.774574279785156,25.139999389648438,25.149999618530273,25.1200008392334,25.139999389648438,11600
2024-03-20,22.774574279785156,25.139999389648438,25.200000762939453,25.114999771118164,25.200000762939453,7000
2024-03-21,22.738344192504883,25.100000381469727,25.200000762939453,25.100000381469727,25.200000762939453,14300
2024-03-22,22.779104232788086,25.145000457763672,25.149999618530273,25.10300064086914,25.149999618530273,6300
2024-03-25,22.770050048828125,25.135000228881836,25.149999618530273,25.135000228881836,25.149999618530273,2300
2024-03-26,22.779104232788086,25.145000457763672,25.149999618530273,25.139999389648438,25.145000457763672,3300
2024-03-27,22.77454948425293,25.0049991607666,25.139999389648438,25.0049991607666,25.139999389648438,13500
2024-03-28,22.798233032226562,25.0310001373291,25.049999237060547,25.023000717163086,25.049999237060547,14500
2024-04-01,22.80643081665039,25.040000915527344,25.139999389648438,25.040000915527344,25.139999389648438,8800
2024-04-02,22.880203247070312,25.121000289916992,25.138999938964844,25.010000228881836,25.059999465942383,7800
2024-04-03,22.851972579956055,25.09000015258789,25.1200008392334,25.040000915527344,25.040000915527344,8000
2024-04-04,22.815540313720703,25.049999237060547,25.18000030517578,25.049999237060547,25.18000030517578,15200
2024-04-05,22.87018585205078,25.110000610351562,25.13599967956543,25.06999969482422,25.13599967956543,4900
2024-04-08,22.839218139648438,25.076000213623047,25.132999420166016,25.076000213623047,25.132999420166016,2000
2024-04-09,22.833755493164062,25.06999969482422,25.06999969482422,25.059999465942383,25.06999969482422,9200
2024-04-10,22.87018585205078,25.110000610351562,25.149999618530273,25.059999465942383,25.06999969482422,2700
2024-04-11,22.87018585205078,25.110000610351562,25.13800048828125,25.09000015258789,25.09000015258789,1300
2024-04-12,22.852880477905273,25.090999603271484,25.139999389648438,25.079999923706055,25.079999923706055,2300
2024-04-15,22.874738693237305,25.114999771118164,25.149999618530273,25.06999969482422,25.06999969482422,31000
2024-04-16,22.861082077026367,25.100000381469727,25.149999618530273,25.100000381469727,25.100000381469727,3200
2024-04-17,22.861082077026367,25.100000381469727,25.149999618530273,25.100000381469727,25.100000381469727,4200
2024-04-18,22.87018585205078,25.110000610351562,25.149999618530273,25.079999923706055,25.079999923706055,10500
2024-04-19,22.895692825317383,25.13800048828125,25.149999618530273,25.1200008392334,25.135000228881836,3700
2024-04-22,22.902067184448242,25.145000457763672,25.149999618530273,25.139999389648438,25.149999618530273,4200
2024-04-23,22.88840103149414,25.1299991607666,25.229999542236328,25.110000610351562,25.229999542236328,7600
2024-04-24,22.89750862121582,25.139999389648438,25.139999389648438,25.139999389648438,25.139999389648438,200
2024-04-25,22.902067184448242,25.145000457763672,25.149999618530273,25.1200008392334,25.1200008392334,4700
2024-04-26,22.902067184448242,25.145000457763672,25.149999618530273,25.1299991607666,25.139999389648438,6200
2024-04-29,22.9066162109375,25.149999618530273,25.184999465942383,25.107999801635742,25.18000030517578,4600
2024-04-30,22.934988021850586,25.065000534057617,25.09000015258789,25.059999465942383,25.09000015258789,2100
2024-05-01,22.930408477783203,25.059999465942383,25.1200008392334,25.059999465942383,25.110000610351562,2900
2024-05-02,22.944137573242188,25.075000762939453,25.113000869750977,25.030000686645508,25.094999313354492,13100
2024-05-03,22.962438583374023,25.094999313354492,25.094999313354492,25.049999237060547,25.08799934387207,1800
2024-05-06,22.967012405395508,25.100000381469727,25.1299991607666,25.040000915527344,25.1299991607666,12200
2024-05-07,22.957862854003906,25.09000015258789,25.149999618530273,25.030000686645508,25.149999618530273,3300
2024-05-08,22.912109375,25.040000915527344,25.104999542236328,25.0310001373291,25.104999542236328,12400
2024-05-09,22.933156967163086,25.062999725341797,25.1299991607666,25.020000457763672,25.1299991607666,23800
2024-05-10,22.968839645385742,25.101999282836914,25.190000534057617,25.030000686645508,25.100000381469727,19700
2024-05-13,22.967012405395508,25.100000381469727,25.128000259399414,25.084999084472656,25.110000610351562,4800
2024-05-14,22.95328140258789,25.084999084472656,25.1299991607666,25.059999465942383,25.059999465942383,1800
2024-05-15,22.962438583374023,25.094999313354492,25.1299991607666,25.06999969482422,25.073999404907227,1900
2024-05-16,23.017332077026367,25.155000686645508,25.155000686645508,25.06999969482422,25.06999969482422,1600
2024-05-17,23.012760162353516,25.149999618530273,25.170000076293945,25.09000015258789,25.170000076293945,6300
2024-05-20,23.020084381103516,25.158000946044922,25.229999542236328,25.094999313354492,25.149999618530273,3400
2024-05-21,23.026485443115234,25.165000915527344,25.22800064086914,25.100000381469727,25.1200008392334,5800
2024-05-22,22.990798950195312,25.125999450683594,25.200000762939453,25.100000381469727,25.170000076293945,2700
2024-05-23,23.00909996032715,25.145999908447266,25.18000030517578,25.145999908447266,25.165000915527344,13800
2024-05-24,23.02191162109375,25.15999984741211,25.229999542236328,25.1299991607666,25.229999542236328,2100
2024-05-28,23.045703887939453,25.18600082397461,25.229999542236328,25.1299991607666,25.15999984741211,12700
2024-05-29,23.081390380859375,25.225000381469727,25.242000579833984,25.139999389648438,25.139999389648438,5400
2024-05-30,23.076812744140625,25.219999313354492,25.2549991607666,25.204999923706055,25.25,21200
2024-05-31,23.047361373901367,25.040000915527344,25.15999984741211,25.040000915527344,25.04599952697754,23400
2024-06-03,23.05656623840332,25.049999237060547,25.149999618530273,25.040000915527344,25.040000915527344,6900
2024-06-04,23.084182739257812,25.079999923706055,25.104999542236328,25.030000686645508,25.049999237060547,5400
2024-06-05,23.111787796020508,25.110000610351562,25.1200008392334,25.079999923706055,25.09000015258789,5800
2024-06-06,23.084182739257812,25.079999923706055,25.15999984741211,25.070999145507812,25.15999984741211,15100
2024-06-07,23.07957649230957,25.075000762939453,25.100000381469727,25.052000045776367,25.06999969482422,5400
2024-06-10,23.10258674621582,25.100000381469727,25.15999984741211,25.040000915527344,25.149999618530273,6800
2024-06-11,23.084182739257812,25.079999923706055,25.097000122070312,25.020000457763672,25.079999923706055,10600
2024-06-12,23.07957649230957,25.075000762939453,25.09000015258789,25.0,25.09000015258789,33400
2024-06-13,23.066692352294922,25.06100082397461,25.155000686645508,25.010000228881836,25.114999771118164,7600
2024-06-14,23.08509635925293,25.08099937438965,25.149999618530273,25.079999923706055,25.079999923706055,1700
2024-06-17,23.111787796020508,25.110000610351562,25.149999618530273,25.079999923706055,25.149999618530273,8300
2024-06-18,23.15320587158203,25.155000686645508,25.209999084472656,25.100000381469727,25.1299991607666,5300
2024-06-20,23.139400482177734,25.139999389648438,25.165000915527344,25.09000015258789,25.155000686645508,6900
2024-06-21,23.15320587158203,25.155000686645508,25.170000076293945,25.042999267578125,25.079999923706055,9800
2024-06-24,23.107187271118164,25.104999542236328,25.163000106811523,25.084999084472656,25.15999984741211,3200
2024-06-25,23.148603439331055,25.149999618530273,25.170000076293945,25.1200008392334,25.155000686645508,3000
2024-06-26,23.16701316833496,25.170000076293945,25.18000030517578,25.15999984741211,25.18000030517578,4200
2024-06-27,23.194625854492188,25.200000762939453,25.280000686645508,25.049999237060547,25.049999237060547,23300
2024-06-28,23.15947151184082,25.031999588012695,25.06999969482422,25.0,25.0,4000
2024-07-01,23.162246704101562,25.03499984741211,25.09000015258789,25.003000259399414,25.059999465942383,10600
2024-07-02,23.176124572753906,25.049999237060547,25.06999969482422,25.0,25.06999969482422,2200
2024-07-03,23.176124572753906,25.049999237060547,25.09000015258789,25.010000228881836,25.06999969482422,11900
2024-07-05,23.181671142578125,25.055999755859375,25.100000381469727,25.010000228881836,25.010000228881836,6800
2024-07-08,23.185373306274414,25.059999465942383,25.079999923706055,25.059999465942383,25.079999923706055,800
2024-07-09,23.157621383666992,25.030000686645508,25.040000915527344,25.010000228881836,25.030000686645508,2700
2024-07-10,23.19462776184082,25.06999969482422,25.100000381469727,25.030000686645508,25.030000686645508,6600
2024-07-11,23.231632232666016,25.110000610351562,25.110000610351562,25.040000915527344,25.040000915527344,2800
2024-07-12,23.20758056640625,25.083999633789062,25.110000610351562,25.040000915527344,25.110000610351562,4400
2024-07-15,23.20943260192871,25.086000442504883,25.086000442504883,25.049999237060547,25.049999237060547,7000
2024-07-16,23.19462776184082,25.06999969482422,25.110000610351562,25.027999877929688,25.110000610351562,26900
2024-07-17,23.231632232666016,25.110000610351562,25.1200008392334,25.059999465942383,25.110000610351562,5400
2024-07-18,23.254764556884766,25.135000228881836,25.15999984741211,25.110000610351562,25.149999618530273,17000
2024-07-19,23.254764556884766,25.135000228881836,25.135000228881836,25.1200008392334,25.1200008392334,400
2024-07-22,23.240886688232422,25.1200008392334,25.149999618530273,25.1200008392334,25.149999618530273,3700
2024-07-23,23.254764556884766,25.135000228881836,25.149999618530273,25.100000381469727,25.100000381469727,2000
2024-07-24,23.254764556884766,25.135000228881836,25.14699935913086,25.100000381469727,25.110000610351562,6100
2024-07-25,23.250137329101562,25.1299991607666,25.149999618530273,25.100000381469727,25.100000381469727,12800
2024-07-26,23.231632232666016,25.110000610351562,25.149999618530273,25.09000015258789,25.139999389648438,6700
2024-07-29,23.264015197753906,25.145000457763672,25.18000030517578,25.110000610351562,25.149999618530273,3200
2024-07-30,23.239959716796875,25.118999481201172,25.194000244140625,25.100000381469727,25.104000091552734,2400
2024-07-31,23.30696678161621,25.045000076293945,25.045000076293945,25.020000457763672,25.03700065612793,2700
2024-08-01,23.30696678161621,25.045000076293945,25.075000762939453,25.030000686645508,25.05900001525879,4400
2024-08-02,23.28091049194336,25.017000198364258,25.06999969482422,25.0,25.0,2300
2024-08-05,23.29952049255371,25.03700065612793,25.079999923706055,25.0,25.0,3100
2024-08-06,23.30231285095215,25.040000915527344,25.06999969482422,25.0,25.040000915527344,3900
2024-08-07,23.21949005126953,24.951000213623047,25.079999923706055,24.950000762939453,24.950000762939453,12400
2024-08-08,23.227863311767578,24.959999084472656,25.079999923706055,24.950000762939453,25.079999923706055,9900
2024-08-09,23.227863311767578,24.959999084472656,25.020000457763672,24.959999084472656,24.959999084472656,1900
2024-08-12,23.28742790222168,25.02400016784668,25.077999114990234,24.969999313354492,25.077999114990234,7000
2024-08-13,23.325580596923828,25.065000534057617,25.079999923706055,25.0,25.079999923706055,4500
2024-08-14,23.30696678161621,25.045000076293945,25.079999923706055,25.0,25.007999420166016,1800
2024-08-15,23.30231285095215,25.040000915527344,25.06399917602539,25.020000457763672,25.045000076293945,4000
2024-08-16,23.29300880432129,25.030000686645508,25.059999465942383,25.010000228881836,25.040000915527344,7900
2024-08-19,23.386064529418945,25.1299991607666,25.145000457763672,25.027000427246094,25.040000915527344,15900
2024-08-20,23.37676429748535,25.1200008392334,25.139999389648438,25.030000686645508,25.1299991607666,10100
2024-08-21,23.39537239074707,25.139999389648438,25.139999389648438,25.100000381469727,25.132999420166016,3500
2024-08-22,23.334888458251953,25.075000762939453,25.110000610351562,25.030000686645508,25.030000686645508,2800
2024-08-23,23.367456436157227,25.110000610351562,25.149999618530273,25.030000686645508,25.059999465942383,4200
2024-08-26,23.34884262084961,25.09000015258789,25.15999984741211,25.049999237060547,25.1200008392334,10200
2024-08-27,23.386064529418945,25.1299991607666,25.170000076293945,25.1299991607666,25.170000076293945,2100
2024-08-28,23.39164924621582,25.13599967956543,25.18000030517578,25.13599967956543,25.139999389648438,2100
2024-08-29,23.39537239074707,25.139999389648438,25.15999984741211,25.100000381469727,25.139999389648438,3800
2024-08-30,23.422502517700195,25.03499984741211,25.03499984741211,25.000999450683594,25.020000457763672,4900
2024-09-03,23.455249786376953,25.06999969482422,25.110000610351562,25.0,25.0,4100
2024-09-04,23.399112701416016,25.010000228881836,25.07900047302246,25.0,25.07900047302246,6500
2024-09-05,23.408470153808594,25.020000457763672,25.049999237060547,25.020000457763672,25.049999237060547,5200
2024-09-06,23.422502517700195,25.03499984741211,25.06399917602539,25.03499984741211,25.06399917602539,2300
2024-09-09,23.436540603637695,25.049999237060547,25.079999923706055,25.040000915527344,25.040000915527344,3400
2024-09-10,23.47396469116211,25.09000015258789,25.097999572753906,25.079999923706055,25.079999923706055,3000
2024-09-11,23.44215202331543,25.055999755859375,25.075000762939453,25.040000915527344,25.075000762939453,10500
2024-09-12,23.42718505859375,25.040000915527344,25.040000915527344,25.020000457763672,25.020000457763672,2300
2024-09-13,23.44215202331543,25.055999755859375,25.065000534057617,25.0,25.0,2700
2024-09-16,23.455249786376953,25.06999969482422,25.100000381469727,25.030000686645508,25.06999969482422,10000
2024-09-17,23.417827606201172,25.030000686645508,25.104999542236328,25.010000228881836,25.104999542236328,4400
2024-09-18,23.469282150268555,25.084999084472656,25.1200008392334,25.020000457763672,25.1200008392334,6100
2024-09-19,23.445894241333008,25.059999465942383,25.110000610351562,25.040000915527344,25.110000610351562,3000
2024-09-20,23.449636459350586,25.06399917602539,25.124000549316406,25.030000686645508,25.09000015258789,7300
2024-09-23,23.478635787963867,25.094999313354492,25.139999389648438,25.040000915527344,25.07699966430664,7400
2024-09-24,23.478635787963867,25.094999313354492,25.149999618530273,25.030000686645508,25.149999618530273,10100
2024-09-25,23.469282150268555,25.084999084472656,25.09000015258789,25.030000686645508,25.09000015258789,1600
2024-09-26,23.511381149291992,25.1299991607666,25.18600082397461,25.059999465942383,25.059999465942383,2800
2024-09-27,23.534772872924805,25.155000686645508,25.18000030517578,25.05500030517578,25.110000610351562,4800
2024-09-30,23.539480209350586,25.030000686645508,25.049999237060547,25.020000457763672,25.020000457763672,11600
2024-10-01,23.558286666870117,25.049999237060547,25.049999237060547,25.031999588012695,25.040000915527344,7200
2024-10-02,23.539480209350586,25.030000686645508,25.045000076293945,25.030000686645508,25.03499984741211,2000
2024-10-03,23.511262893676758,25.0,25.049999237060547,25.0,25.020000457763672,16400
2024-10-04,23.558286666870117,25.049999237060547,25.065000534057617,25.010000228881836,25.049999237060547,6400
2024-10-07,23.54888343811035,25.040000915527344,25.06999969482422,25.0,25.049999237060547,17500
2024-10-08,23.61471176147461,25.110000610351562,25.110000610351562,25.011999130249023,25.049999237060547,4200
2024-10-09,23.57710075378418,25.06999969482422,25.09000015258789,25.030000686645508,25.079999923706055,3800
2024-10-10,23.56768798828125,25.059999465942383,25.09000015258789,25.010000228881836,25.09000015258789,2600
2024-10-11,23.595903396606445,25.09000015258789,25.100000381469727,25.062999725341797,25.100000381469727,10400
2024-10-14,23.61001205444336,25.104999542236328,25.1299991607666,25.075000762939453,25.100000381469727,6700
2024-10-15,23.605310440063477,25.100000381469727,25.118999481201172,25.03499984741211,25.03499984741211,5700
2024-10-16,23.595903396606445,25.09000015258789,25.110000610351562,25.049999237060547,25.110000610351562,3400
2024-10-17,23.642929077148438,25.139999389648438,25.15999984741211,25.06399917602539,25.114999771118164,10700
2024-10-18,23.61001205444336,25.104999542236328,25.139999389648438,25.084999084472656,25.139999389648438,4600
2024-10-21,23.61941909790039,25.114999771118164,25.1299991607666,25.104999542236328,25.1200008392334,900
2024-10-22,23.628820419311523,25.125,25.141000747680664,25.100000381469727,25.12299919128418,6400
2024-10-23,23.61941909790039,25.114999771118164,25.139999389648438,25.100000381469727,25.139999389648438,9100
2024-10-24,23.625059127807617,25.121000289916992,25.1299991607666,25.100000381469727,25.1299991607666,8100
2024-10-25,23.652332305908203,25.149999618530273,25.166000366210938,25.115999221801758,25.149999618530273,3900
2024-10-28,23.661731719970703,25.15999984741211,25.160999298095703,25.149999618530273,25.15999984741211,5000
2024-10-29,23.628820419311523,25.125,25.173999786376953,25.125,25.139999389648438,9900
2024-10-30,23.652332305908203,25.149999618530273,25.170000076293945,25.1200008392334,25.170000076293945,7000
2024-10-31,23.666513442993164,25.03499984741211,25.059999465942383,25.020000457763672,25.059999465942383,7700
2024-11-01,23.67123794555664,25.040000915527344,25.049999237060547,25.030000686645508,25.049999237060547,14800
2024-11-04,23.690139770507812,25.059999465942383,25.059999465942383,25.042999267578125,25.059999465942383,6700
2024-11-05,23.678804397583008,25.04800033569336,25.06999969482422,25.040000915527344,25.06999969482422,7300
2024-11-06,23.690139770507812,25.059999465942383,25.079999923706055,25.030000686645508,25.079999923706055,9900
2024-11-07,23.661787033081055,25.030000686645508,25.06999969482422,25.020000457763672,25.06999969482422,16700
2024-11-08,23.709054946899414,25.079999923706055,25.079999923706055,25.059999465942383,25.065000534057617,6400
2024-11-11,23.700544357299805,25.070999145507812,25.09000015258789,25.030000686645508,25.06999969482422,11400
2024-11-12,23.694873809814453,25.065000534057617,25.09000015258789,25.059999465942383,25.09000015258789,6700
2024-11-13,23.718505859375,25.09000015258789,25.097000122070312,25.049999237060547,25.079999923706055,3100
2024-11-14,23.74686622619629,25.1200008392334,25.145000457763672,25.062999725341797,25.100000381469727,15600
2024-11-15,23.76577377319336,25.139999389648438,25.139999389648438,25.066999435424805,25.066999435424805,4800
2024-11-18,23.723230361938477,25.094999313354492,25.14900016784668,25.06399917602539,25.139999389648438,19200
2024-11-19,23.73268699645996,25.104999542236328,25.15999984741211,25.104999542236328,25.150999069213867,4600
2024-11-20,23.78467559814453,25.15999984741211,25.170000076293945,25.049999237060547,25.079999923706055,6000
2024-11-21,23.72796058654785,25.100000381469727,25.115999221801758,25.059999465942383,25.065000534057617,1100
2024-11-22,23.7515926361084,25.125,25.125,25.079999923706055,25.09000015258789,7300
2024-11-25,23.742141723632812,25.114999771118164,25.18000030517578,25.059999465942383,25.110000610351562,8600
2024-11-26,23.817766189575195,25.19499969482422,25.219999313354492,25.1200008392334,25.190000534057617,9000
2024-11-27,23.78467559814453,25.15999984741211,25.219999313354492,25.100000381469727,25.219999313354492,8000
2024-11-29,23.828353881835938,25.094999313354492,25.104999542236328,25.030000686645508,25.030000686645508,5800
2024-12-02,23.81886100769043,25.084999084472656,25.1200008392334,25.010000228881836,25.010000228881836,15400
2024-12-03,23.828353881835938,25.094999313354492,25.118999481201172,25.06999969482422,25.06999969482422,9500
2024-12-04,23.84259796142578,25.110000610351562,25.1200008392334,25.040000915527344,25.110000610351562,18200
2024-12-05,23.82550811767578,25.091999053955078,25.1200008392334,25.040000915527344,25.1200008392334,5800
2024-12-06,23.843547821044922,25.111000061035156,25.139999389648438,25.040000915527344,25.040000915527344,9800
2024-12-09,23.84259796142578,25.110000610351562,25.15999984741211,25.049999237060547,25.15999984741211,10100
2024-12-10,23.837852478027344,25.104999542236328,25.149999618530273,25.079999923706055,25.1299991607666,3600
2024-12-11,23.861589431762695,25.1299991607666,25.15999984741211,25.11400032043457,25.1200008392334,10800
2024-12-12,23.861589431762695,25.1299991607666,25.15399932861328,25.079999923706055,25.11199951171875,2700
2024-12-13,23.861589431762695,25.1299991607666,25.15999984741211,25.100000381469727,25.12700080871582,6600
2024-12-16,23.852094650268555,25.1200008392334,25.145000457763672,25.040000915527344,25.040000915527344,3600
2024-12-17,23.880582809448242,25.149999618530273,25.15999984741211,25.1299991607666,25.15999984741211,8200
2024-12-18,23.88153076171875,25.150999069213867,25.18000030517578,25.06999969482422,25.170000076293945,19700
2024-12-19,23.86064338684082,25.128999710083008,25.18000030517578,25.059999465942383,25.18000030517578,4800
2024-12-20,23.890073776245117,25.15999984741211,25.190000534057617,25.139999389648438,25.139999389648438,9000
2024-12-23,23.93755340576172,25.209999084472656,25.219999313354492,25.121999740600586,25.190000534057617,23500
2024-12-24,23.923311233520508,25.19499969482422,25.209999084472656,25.139999389648438,25.209999084472656,24300
2024-12-26,23.921401977539062,25.075000762939453,25.18000030517578,25.040000915527344,25.18000030517578,24100
2024-12-27,23.897550582885742,25.049999237060547,25.06999969482422,25.049999237060547,25.049999237060547,17000
2024-12-30,23.954790115356445,25.110000610351562,25.1299991607666,25.049999237060547,25.059999465942383,14000
2024-12-31,23.921401977539062,25.075000762939453,25.1299991607666,25.049999237060547,25.110000610351562,43700
2025-01-02,23.945249557495117,25.100000381469727,25.138999938964844,25.059999465942383,25.1299991607666,13700
2025-01-03,23.964332580566406,25.1200008392334,25.139999389648438,25.059999465942383,25.139999389648438,28500
2025-01-06,23.992952346801758,25.149999618530273,25.149999618530273,25.079999923706055,25.149999618530273,15000
2025-01-07,23.9738712310791,25.1299991607666,25.149999618530273,25.079999923706055,25.139999389648438,13100
2025-01-08,23.969104766845703,25.125,25.15999984741211,25.055999755859375,25.149999618530273,12700
2025-01-10,23.992952346801758,25.149999618530273,25.280000686645508,25.04400062561035,25.1299991607666,108600
2025-01-13,24.050189971923828,25.209999084472656,25.399999618530273,25.10700035095215,25.399999618530273,26900
2025-01-14,23.983413696289062,25.139999389648438,25.170000076293945,25.1200008392334,25.139999389648438,29400
2025-01-15,23.989139556884766,25.145999908447266,25.170000076293945,25.110000610351562,25.150999069213867,17200
2025-01-16,24.01966094970703,25.17799949645996,25.21299934387207,25.079999923706055,25.110000610351562,51600
2025-01-17,24.016803741455078,25.174999237060547,25.18000030517578,25.139999389648438,25.170000076293945,3900
2025-01-21,24.021570205688477,25.18000030517578,25.190000534057617,25.170000076293945,25.170000076293945,10900
2025-01-22,24.03588104248047,25.19499969482422,25.239999771118164,25.15999984741211,25.15999984741211,58600
2025-01-23,24.045419692993164,25.204999923706055,25.280000686645508,25.149999618530273,25.190000534057617,40700
2025-01-24,24.05973243713379,25.219999313354492,25.239999771118164,25.15999984741211,25.200000762939453,17100
2025-01-27,24.002492904663086,25.15999984741211,25.187000274658203,25.110000610351562,25.18000030517578,10500
2025-01-28,24.06926918029785,25.229999542236328,25.229999542236328,25.118999481201172,25.118999481201172,8800
2025-01-29,24.06926918029785,25.229999542236328,25.280000686645508,25.110000610351562,25.209999084472656,41200
2025-01-30,24.038604736328125,25.079999923706055,25.139999389648438,25.079999923706055,25.110000610351562,27100
2025-01-31,24.057771682739258,25.100000381469727,25.139999389648438,25.100000381469727,25.1200008392334,24400
2025-02-03,24.06735610961914,25.110000610351562,25.290000915527344,24.979999542236328,25.110000610351562,182900
2025-02-04,24.08652687072754,25.1299991607666,25.209999084472656,25.059999465942383,25.1299991607666,59800
2025-02-05,24.06735610961914,25.110000610351562,25.139999389648438,25.089000701904297,25.1299991607666,121200
2025-02-06,24.115280151367188,25.15999984741211,25.163000106811523,25.100000381469727,25.1299991607666,15700
2025-02-07,24.105693817138672,25.149999618530273,25.219999313354492,25.110000610351562,25.219999313354492,46700
2025-02-10,24.076942443847656,25.1200008392334,25.200000762939453,25.111000061035156,25.200000762939453,34700
2025-02-11,24.124862670898438,25.170000076293945,25.190000534057617,25.1200008392334,25.149999618530273,26900
2025-02-12,24.115280151367188,25.15999984741211,25.18000030517578,25.079999923706055,25.079999923706055,12500
2025-02-13,24.15361976623535,25.200000762939453,25.200000762939453,25.149999618530273,25.170000076293945,14300
2025-02-14,24.089397430419922,25.132999420166016,25.170000076293945,25.132999420166016,25.15999984741211,8400
2025-02-18,24.124862670898438,25.170000076293945,25.200000762939453,25.110000610351562,25.15999984741211,37400
2025-02-19,24.14403533935547,25.190000534057617,25.200000762939453,25.174999237060547,25.18000030517578,14300
2025-02-20,24.105693817138672,25.149999618530273,25.209999084472656,25.030000686645508,25.190000534057617,65900
2025-02-21,24.08652687072754,25.1299991607666,25.163999557495117,25.110000610351562,25.15999984741211,19100
2025-02-24,24.124862670898438,25.170000076293945,25.170000076293945,25.1299991607666,25.145000457763672,14600
2025-02-25,24.115280151367188,25.15999984741211,25.184999465942383,25.139999389648438,25.170000076293945,21200
2025-02-26,24.134445190429688,25.18000030517578,25.190000534057617,25.15999984741211,25.190000534057617,28400
2025-02-27,24.139257431030273,25.09000015258789,25.1200008392334,25.040000915527344,25.100000381469727,39600
2025-02-28,24.155616760253906,25.10700035095215,25.110000610351562,25.09000015258789,25.100000381469727,7700
2025-03-03,24.139257431030273,25.09000015258789,25.100000381469727,25.079999923706055,25.09000015258789,7700
2025-03-04,24.146957397460938,25.097999572753906,25.110000610351562,25.09000015258789,25.100000381469727,20000
2025-03-05,24.140220642089844,25.090999603271484,25.110000610351562,25.082000732421875,25.082000732421875,56000
2025-03-06,24.163312911987305,25.114999771118164,25.1299991607666,25.079999923706055,25.09000015258789,31100
2025-03-07,24.129642486572266,25.079999923706055,25.149999618530273,25.079999923706055,25.110000610351562,38500
2025-03-10,24.144067764282227,25.094999313354492,25.1299991607666,25.083999633789062,25.100000381469727,23500
2025-03-11,24.129642486572266,25.079999923706055,25.100000381469727,25.06999969482422,25.100000381469727,66900
2025-03-12,24.123868942260742,25.073999404907227,25.100000381469727,25.049999237060547,25.06999969482422,24600
2025-03-13,24.110397338867188,25.059999465942383,25.09000015258789,25.049999237060547,25.049999237060547,33300
2025-03-14,24.10077667236328,25.049999237060547,25.09600067138672,25.049999237060547,25.049999237060547,40200
2025-03-17,24.043048858642578,24.989999771118164,25.09000015258789,24.93000030517578,25.06999969482422,59700
2025-03-18,24.110397338867188,25.059999465942383,25.076000213623047,25.040000915527344,25.059999465942383,13900
2025-03-19,24.1055850982666,25.05500030517578,25.100000381469727,25.0,25.059999465942383,17900
2025-03-20,24.12001609802246,25.06999969482422,25.06999969482422,25.0,25.020000457763672,12900
2025-03-21,24.06229019165039,25.010000228881836,25.049999237060547,25.0,25.024999618530273,14000
2025-03-24,24.086341857910156,25.03499984741211,25.079999923706055,25.010000228881836,25.079999923706055,12600
2025-03-25,24.02573013305664,24.972000122070312,25.059999465942383,24.889999389648438,25.049999237060547,32700
2025-03-26,24.091156005859375,25.040000915527344,25.040000915527344,24.979999542236328,24.979999542236328,4200
2025-03-27,24.010953903198242,24.850000381469727,24.924999237060547,24.81999969482422,24.860000610351562,28300
2025-03-28,24.03994369506836,24.8799991607666,24.899999618530273,24.81999969482422,24.889999389648438,16500
2025-03-31,24.030282974243164,24.8700008392334,24.875,24.829999923706055,24.860000610351562,16700
2025-04-01,24.097919464111328,24.940000534057617,25.030000686645508,24.889999389648438,24.92799949645996,45300
2025-04-02,24.126903533935547,24.969999313354492,24.979999542236328,24.89900016784668,24.89900016784668,4100
2025-04-03,24.073760986328125,24.915000915527344,24.979999542236328,24.90999984741211,24.950000762939453,19500
2025-04-04,24.010953903198242,24.850000381469727,24.969999313354492,24.799999237060547,24.812000274658203,29800
2025-04-07,23.58388328552246,24.408000946044922,24.739999771118164,24.329999923706055,24.739999771118164,64100
2025-04-08,23.923994064331055,24.760000228881836,24.804000854492188,24.59000015258789,24.59000015258789,34100
2025-04-09,23.923994064331055,24.760000228881836,24.799999237060547,24.5,24.729999542236328,27100
2025-04-10,23.76456642150879,24.594999313354492,24.80299949645996,24.530000686645508,24.670000076293945,8000
2025-04-11,23.750072479248047,24.579999923706055,24.780000686645508,24.479999542236328,24.780000686645508,9500
2025-04-14,23.943321228027344,24.780000686645508,24.829999923706055,24.6200008392334,24.829999923706055,24000
2025-04-15,23.933658599853516,24.770000457763672,24.858999252319336,24.649999618530273,24.843000411987305,2300
2025-04-16,23.909502029418945,24.7450008392334,24.856000900268555,24.700000762939453,24.780000686645508,9500
2025-04-17,23.943321228027344,24.780000686645508,24.8700008392334,24.700000762939453,24.780000686645508,2900
2025-04-21,23.946218490600586,24.783000946044922,24.829999923706055,24.719999313354492,24.719999313354492,10100
2025-04-22,24.015785217285156,24.854999542236328,24.920000076293945,24.790000915527344,24.920000076293945,4400
2025-04-23,24.025447845458984,24.864999771118164,24.969999313354492,24.850000381469727,24.940000534057617,14700
2025-04-24,24.107580184936523,24.950000762939453,25.0,24.8700008392334,25.0,5900
2025-04-25,24.126903533935547,24.969999313354492,25.0,24.850000381469727,25.0,5200
2025-04-28,24.097919464111328,24.940000534057617,24.979999542236328,24.875999450683594,24.93000030517578,17900
2025-04-29,24.10274887084961,24.94499969482422,25.0,24.87700080871582,24.87700080871582,3400
2025-04-30,24.101778030395508,24.834999084472656,24.90999984741211,24.75,24.812999725341797,14900
2025-05-01,24.160005569458008,24.895000457763672,24.940000534057617,24.799999237060547,24.799999237060547,21900
2025-05-02,24.223087310791016,24.959999084472656,24.979999542236328,24.83099937438965,24.979999542236328,13900
2025-05-05,24.193973541259766,24.93000030517578,24.969999313354492,24.819000244140625,24.829999923706055,4200
2025-05-06,24.164859771728516,24.899999618530273,25.0,24.84000015258789,25.0,5800
2025-05-07,24.145450592041016,24.8799991607666,24.969999313354492,24.809999465942383,24.93000030517578,3700
2025-05-08,24.145450592041016,24.8799991607666,24.950000762939453,24.84000015258789,24.8700008392334,3800
2025-05-09,24.155153274536133,24.889999389648438,24.950000762939453,24.84000015258789,24.90999984741211,4100
2025-05-12,24.193973541259766,24.93000030517578,24.989999771118164,24.832000732421875,24.979999542236328,13600
2025-05-13,24.20368003845215,24.940000534057617,24.950000762939453,24.8799991607666,24.92300033569336,8800
2025-05-14,24.193973541259766,24.93000030517578,24.950000762939453,24.8700008392334,24.899999618530273,8700
2025-05-15,24.135746002197266,24.8700008392334,24.95800018310547,24.75,24.8799991607666,9300
2025-05-16,24.2133846282959,24.950000762939453,24.999000549316406,24.860000610351562,24.908000946044922,8900
2025-05-19,24.2716121673584,25.010000228881836,25.010000228881836,24.8700008392334,24.93000030517578,7200
2025-05-20,24.2133846282959,24.950000762939453,25.011999130249023,24.8799991607666,25.010000228881836,4100
2025-05-21,24.19882583618164,24.934999465942383,24.989999771118164,24.889999389648438,24.90999984741211,6900
2025-05-22,24.218236923217773,24.954999923706055,25.018999099731445,24.889999389648438,24.90999984741211,4700
2025-05-23,24.208532333374023,24.94499969482422,24.9950008392334,24.891000747680664,24.9950008392334,4300
2025-05-27,24.155153274536133,24.889999389648438,24.975000381469727,24.8700008392334,24.93000030517578,7600
2025-05-28,24.223087310791016,24.959999084472656,24.959999084472656,24.889999389648438,24.899999618530273,7600
2025-05-29,24.22793960571289,24.96500015258789,25.020000457763672,24.90999984741211,24.93000030517578,4700
2025-05-30,24.208438873291016,24.829999923706055,24.979999542236328,24.780000686645508,24.913999557495117,28100
2025-06-02,24.276687622070312,24.899999618530273,24.969999313354492,24.87299919128418,24.895000457763672,5900
2025-06-03,24.26011085510254,24.882999420166016,24.969999313354492,24.850000381469727,24.889999389648438,15400
2025-06-04,24.31081199645996,24.934999465942383,24.989999771118164,24.8799991607666,24.979999542236328,31900
2025-06-05,24.342987060546875,24.968000411987305,25.0,24.920000076293945,24.97599983215332,11500
2025-06-06,24.31081199645996,24.934999465942383,24.950000762939453,24.90999984741211,24.915000915527344,17200
2025-06-09,24.334213256835938,24.958999633789062,24.989999771118164,24.920000076293945,24.979999542236328,17800
2025-06-10,24.36443519592285,24.989999771118164,25.0,24.920000076293945,24.920000076293945,7200
2025-06-11,24.34981346130371,24.975000381469727,25.020000457763672,24.899999618530273,25.020000457763672,8600
2025-06-12,24.374183654785156,25.0,25.020000457763672,24.969999313354492,25.0,8200
2025-06-13,24.34981346130371,24.975000381469727,25.020000457763672,24.920000076293945,24.954999923706055,10400
2025-06-16,24.322513580322266,24.94700050354004,25.079999923706055,24.90999984741211,25.030000686645508,15600
2025-06-17,24.335186004638672,24.959999084472656,24.9950008392334,24.940000534057617,24.940000534057617,2300
2025-06-18,24.383934020996094,25.010000228881836,25.01099967956543,24.959999084472656,24.959999084472656,1900
2025-06-20,24.374183654785156,25.0,25.079999923706055,24.989999771118164,25.079999923706055,12300
2025-06-23,24.388809204101562,25.014999389648438,25.040000915527344,24.959999084472656,24.959999084472656,6700
2025-06-24,24.41221046447754,25.038999557495117,25.09000015258789,25.010000228881836,25.09000015258789,13700
2025-06-25,24.42293357849121,25.049999237060547,25.049999237060547,25.040000915527344,25.040000915527344,700
2025-06-26,24.40343475341797,25.030000686645508,25.05699920654297,25.010000228881836,25.035999298095703,3300
2025-06-27,24.442432403564453,25.06999969482422,25.076000213623047,25.020000457763672,25.076000213623047,3700
2025-06-30,24.443410873413086,24.964000701904297,24.989999771118164,24.84000015258789,24.84000015258789,6400
2025-07-01,24.41501808166504,24.934999465942383,25.010000228881836,24.850000381469727,24.959999084472656,18900
2025-07-02,24.454185485839844,24.975000381469727,25.020000457763672,24.940000534057617,25.020000457763672,9700
2025-07-03,24.56678581237793,25.09000015258789,25.09000015258789,24.969999313354492,25.0,27700
2025-07-07,24.488452911376953,25.010000228881836,25.09000015258789,25.0,25.09000015258789,2000
2025-07-08,24.457120895385742,24.97800064086914,25.010000228881836,24.8700008392334,25.010000228881836,8100
2025-07-09,24.439495086669922,24.959999084472656,25.030000686645508,24.84000015258789,24.899999618530273,50400
2025-07-10,24.454185485839844,24.975000381469727,25.030000686645508,24.945999145507812,25.0,12600
2025-07-11,24.47376823425293,24.9950008392334,25.030000686645508,24.979999542236328,25.0,14100
2025-07-14,24.454185485839844,24.975000381469727,24.989999771118164,24.920000076293945,24.989999771118164,9900
2025-07-15,24.426767349243164,24.94700050354004,24.98200035095215,24.899999618530273,24.90999984741211,6200
2025-07-16,24.429704666137695,24.950000762939453,24.989999771118164,24.90999984741211,24.93000030517578,9200
2025-07-17,24.434600830078125,24.954999923706055,24.954999923706055,24.920000076293945,24.940000534057617,1900
2025-07-18,24.468870162963867,24.989999771118164,24.989999771118164,24.93000030517578,24.950000762939453,3100
2025-07-21,24.486494064331055,25.007999420166016,25.059999465942383,24.950000762939453,25.030000686645508,10700
2025-07-22,24.478660583496094,25.0,25.06999969482422,24.979999542236328,25.059999465942383,4400
2025-07-23,24.503141403198242,25.024999618530273,25.059999465942383,24.940000534057617,25.059999465942383,3700
2025-07-24,24.4698486328125,24.990999221801758,25.059999465942383,24.940000534057617,24.959999084472656,8800
2025-07-25,24.498245239257812,25.020000457763672,25.020000457763672,24.951000213623047,24.969999313354492,3100
2025-07-28,24.478660583496094,25.0,25.069000244140625,24.959999084472656,25.030000686645508,5200
2025-07-29,24.508037567138672,25.030000686645508,25.089000701904297,24.979999542236328,25.079999923706055,5200
2025-07-30,24.503141403198242,25.024999618530273,25.1299991607666,24.969999313354492,24.979999542236328,18400
2025-07-31,24.580799102783203,25.0049991607666,25.010000228881836,24.999000549316406,25.0,3600
2025-08-01,24.605377197265625,25.030000686645508,25.030000686645508,24.93000030517578,24.959999084472656,7000
2025-08-04,24.5267333984375,24.950000762939453,25.020000457763672,24.93400001525879,24.989999771118164,7300
2025-08-05,24.56605339050293,24.989999771118164,25.030000686645508,24.950000762939453,25.010000228881836,8700
2025-08-06,24.514936447143555,24.937999725341797,25.020000457763672,24.899999618530273,24.961000442504883,27100
2025-08-07,24.5463924407959,24.969999313354492,25.030000686645508,24.8799991607666,25.030000686645508,5100
2025-08-08,24.561140060424805,24.985000610351562,25.020000457763672,24.940000534057617,24.940000534057617,4500
2025-08-11,24.5463924407959,24.969999313354492,25.040000915527344,24.899999618530273,24.969999313354492,14700
2025-08-12,24.575883865356445,25.0,25.049999237060547,24.920000076293945,25.049999237060547,3200
2025-08-13,24.5463924407959,24.969999313354492,25.049999237060547,24.93000030517578,24.950000762939453,3800
2025-08-14,24.536561965942383,24.959999084472656,25.05500030517578,24.959999084472656,25.030000686645508,28300
2025-08-15,24.595544815063477,25.020000457763672,25.049999237060547,24.950000762939453,24.950000762939453,3600
2025-08-18,24.57097053527832,24.9950008392334,25.0,24.941999435424805,25.0,6700
2025-08-19,24.57097053527832,24.9950008392334,25.003999710083008,24.950000762939453,25.0,5500
2025-08-20,24.587678909301758,25.011999130249023,25.041000366210938,24.950000762939453,25.0,2700
2025-08-21,24.59062957763672,25.014999389648438,25.139999389648438,24.98200035095215,24.98200035095215,23100
2025-08-22,24.649612426757812,25.075000762939453,25.100000381469727,25.018999099731445,25.018999099731445,3300
2025-08-25,24.649612426757812,25.075000762939453,25.100000381469727,24.97100067138672,25.059999465942383,6700
2025-08-26,24.639781951904297,25.065000534057617,25.110000610351562,25.0,25.047000885009766,8700
2025-08-27,24.664358139038086,25.09000015258789,25.139999389648438,25.06999969482422,25.110000610351562,7000
2025-08-28,24.600460052490234,25.024999618530273,25.104999542236328,24.961000442504883,25.09000015258789,8600
2025-08-29,24.704177856445312,25.010000228881836,25.010000228881836,24.969999313354492,25.0,8900
2025-09-02,24.659727096557617,24.96500015258789,25.020000457763672,24.8700008392334,25.0,20700
2025-09-03,24.70615005493164,25.011999130249023,25.011999130249023,24.860000610351562,24.860000610351562,25300
2025-09-04,24.718992233276367,25.024999618530273,25.049999237060547,24.96500015258789,25.027000427246094,28900
2025-09-05,24.714054107666016,25.020000457763672,25.020999908447266,24.90999984741211,24.90999984741211,2600
2025-09-08,24.669605255126953,24.975000381469727,25.020000457763672,24.90999984741211,25.010000228881836,3600
2025-09-09,24.654787063598633,24.959999084472656,25.010000228881836,24.959999084472656,25.000999450683594,2500
2025-09-10,24.639972686767578,24.94499969482422,24.989999771118164,24.90999984741211,24.90999984741211,1600
2025-09-11,24.72393226623535,25.030000686645508,25.09000015258789,25.009000778198242,25.009000778198242,13500
2025-09-12,24.74368667602539,25.049999237060547,25.06999969482422,25.018999099731445,25.020000457763672,9000
2025-09-15,24.753564834594727,25.059999465942383,25.09000015258789,24.920000076293945,25.010000228881836,28900
2025-09-16,24.753564834594727,25.059999465942383,25.079999923706055,24.972999572753906,25.049999237060547,11400
2025-09-17,24.75850486755371,25.065000534057617,25.100000381469727,25.06399917602539,25.06999969482422,8800
2025-09-18,24.753564834594727,25.059999465942383,25.059999465942383,25.03499984741211,25.03499984741211,4100
2025-09-19,24.7733211517334,25.079999923706055,25.09000015258789,25.040000915527344,25.05900001525879,6300
2025-09-22,24.753564834594727,25.059999465942383,25.09000015258789,25.040000915527344,25.079999923706055,2900
2025-09-23,24.72393226623535,25.030000686645508,25.09000015258789,25.030000686645508,25.09000015258789,4800
2025-09-24,24.79208755493164,25.099000930786133,25.099000930786133,24.940000534057617,25.070999145507812,5900
2025-09-25,24.77825927734375,25.084999084472656,25.100000381469727,25.010000228881836,25.100000381469727,6900
2025-09-26,24.79801368713379,25.104999542236328,25.104999542236328,25.06999969482422,25.06999969482422,1400
2025-09-29,24.802953720092773,25.110000610351562,25.1200008392334,25.09000015258789,25.110000610351562,2200
2025-09-30,24.797000885009766,25.0,25.049999237060547,24.996999740600586,25.0,14500
2025-10-01,24.78708267211914,24.989999771118164,25.040000915527344,24.93899917602539,24.961000442504883,10300
2025-10-02,24.801959991455078,25.0049991607666,25.010000228881836,24.899999618530273,25.010000228881836,9400
2025-10-03,24.82179832458496,25.024999618530273,25.030000686645508,24.93000030517578,24.93000030517578,4600
2025-10-06,24.826759338378906,25.030000686645508,25.030000686645508,24.989999771118164,25.0049991607666,26000
2025-10-07,24.792043685913086,24.9950008392334,25.040000915527344,24.920000076293945,25.040000915527344,11900
2025-10-08,24.835683822631836,25.038999557495117,25.049999237060547,24.979999542236328,25.040000915527344,19000
2025-10-09,24.801959991455078,25.0049991607666,25.059999465942383,24.924999237060547,25.059999465942383,24200
2025-10-10,24.82179832458496,25.024999618530273,25.048999786376953,24.899999618530273,24.899999618530273,7200
2025-10-13,24.78708267211914,24.989999771118164,24.989999771118164,24.965999603271484,24.965999603271484,2500
2025-10-14,24.810888290405273,25.013999938964844,25.049999237060547,24.93000030517578,24.993000030517578,12200
2025-10-15,24.82179832458496,25.024999618530273,25.031999588012695,24.94099998474121,25.031999588012695,900
2025-10-16,24.806921005249023,25.010000228881836,25.059999465942383,24.93000030517578,24.979999542236328,25200
2025-10-17,24.801959991455078,25.0049991607666,25.06999969482422,24.989999771118164,24.989999771118164,5400
2025-10-20,24.801959991455078,25.0049991607666,25.059999465942383,24.950000762939453,25.010000228881836,19400
2025-10-21,24.85651206970215,25.059999465942383,25.06999969482422,24.950000762939453,24.950000762939453,3700
2025-10-22,24.811880111694336,25.014999389648438,25.079999923706055,24.989999771118164,24.989999771118164,6800
2025-10-23,24.84163475036621,25.045000076293945,25.139999389648438,25.0,25.139999389648438,20100
2025-10-24,24.861473083496094,25.065000534057617,25.079999923706055,25.0,25.0049991607666,14300
2025-10-27,24.861473083496094,25.065000534057617,25.100000381469727,25.041000366210938,25.06999969482422,23400
2025-10-28,24.85155487060547,25.05500030517578,25.079999923706055,25.01799964904785,25.06999969482422,13800
2025-10-29,24.88627052307129,25.09000015258789,25.110000610351562,25.040000915527344,25.110000610351562,10600
2025-10-30,24.866432189941406,25.06999969482422,25.1200008392334,25.011999130249023,25.09000015258789,28900
2025-10-31,24.889345169067383,24.985000610351562,25.020000457763672,24.959999084472656,24.989999771118164,8300
2025-11-03,24.884363174438477,24.979999542236328,25.020000457763672,24.940000534057617,24.979999542236328,31000
2025-11-04,24.894325256347656,24.989999771118164,25.030000686645508,24.979999542236328,25.010000228881836,7400
2025-11-05,24.886356353759766,24.98200035095215,25.0,24.940000534057617,24.950000762939453,10500
2025-11-06,24.884363174438477,24.979999542236328,24.979999542236328,24.950000762939453,24.950000762939453,3800
2025-11-07,24.894325256347656,24.989999771118164,25.040000915527344,24.950000762939453,25.040000915527344,7200
2025-11-10,24.884363174438477,24.979999542236328,25.048999786376953,24.959999084472656,24.979999542236328,6800
2025-11-11,24.92919158935547,25.024999618530273,25.059999465942383,25.0,25.0,8800
2025-11-12,24.91922950744629,25.014999389648438,25.024999618530273,25.0,25.024999618530273,2600
2025-11-13,24.939151763916016,25.03499984741211,25.069000244140625,25.010000228881836,25.05699920654297,8400
2025-11-14,24.914249420166016,25.010000228881836,25.04599952697754,24.889999389648438,24.889999389648438,16000
2025-11-17,24.934173583984375,25.030000686645508,25.079999923706055,24.93000030517578,25.079999923706055,9500
2025-11-18,24.93815803527832,25.034000396728516,25.09000015258789,24.985000610351562,25.09000015258789,3700
2025-11-19,24.960071563720703,25.055999755859375,25.089000701904297,24.952999114990234,25.0,20100
2025-11-20,24.903291702270508,24.999000549316406,25.100000381469727,24.969999313354492,25.100000381469727,13500
2025-11-21,24.914249420166016,25.010000228881836,25.04199981689453,25.0,25.020000457763672,17000
2025-11-24,24.939151763916016,25.03499984741211,25.059999465942383,24.969999313354492,25.0,22100
2025-11-25,24.944133758544922,25.040000915527344,25.059999465942383,25.0,25.052000045776367,3600
2025-11-26,24.979000091552734,25.075000762939453,25.075000762939453,25.030000686645508,25.030000686645508,800
2025-11-28,24.954999923706055,24.954999923706055,25.030000686645508,24.954999923706055,25.030000686645508,5500
2025-12-01,24.959999084472656,24.959999084472656,25.0,24.950000762939453,24.950000762939453,4900
2025-12-02,24.96500015258789,24.96500015258789,25.010000228881836,24.920000076293945,25.0,14800
2025-12-03,25.020000457763672,25.020000457763672,25.020000457763672,24.985000610351562,25.010000228881836,1900
2025-12-04,24.985000610351562,24.985000610351562,25.040000915527344,24.961999893188477,25.020000457763672,7300
2025-12-05,24.97800064086914,24.97800064086914,25.010000228881836,24.959999084472656,25.0049991607666,9100
2025-12-08,24.969999313354492,24.969999313354492,25.049999237060547,24.93000030517578,25.020000457763672,12800
2025-12-09,25.017000198364258,25.017000198364258,25.059999465942383,24.940000534057617,24.969999313354492,11200
2025-12-10,25.010000228881836,25.010000228881836,25.059999465942383,24.927000045776367,24.969999313354492,20100
2025-12-11,25.049999237060547,25.049999237060547,25.049999237060547,24.972999572753906,25.0,18600
2025-12-12,25.030000686645508,25.030000686645508,25.05900001525879,24.950000762939453,24.959999084472656,10700
2025-12-15,25.030000686645508,25.030000686645508,25.030000686645508,24.950000762939453,24.950000762939453,10500
2025-12-16,25.06999969482422,25.06999969482422,25.06999969482422,25.030000686645508,25.030000686645508,4300
2025-12-17,25.049999237060547,25.049999237060547,25.049999237060547,25.020999908447266,25.020999908447266,1500
